EVENT,LN,TIME,ENTRIES,PL,PTS,Location,Date,Against
200 MEDLEY RELAY,1,02:32.8,Lucius Malfoy,0,0,Hogwarts,19-Oct_19,Durmstrang
200 MEDLEY RELAY,1,02:32.8,Tom Riddle,0,0,Hogwarts,19-Oct_19,Durmstrang
200 MEDLEY RELAY,1,02:32.8,Percy Weasley,0,0,Hogwarts,19-Oct_19,Durmstrang
200 MEDLEY RELAY,1,02:32.8,Bill Weasley,0,0,Hogwarts,19-Oct_19,Durmstrang
200 MEDLEY RELAY,3,02:10.8,Charlie Weasley,2,4,Hogwarts,19-Oct_19,Durmstrang
200 MEDLEY RELAY,3,02:10.8,Fred Weasley,2,4,Hogwarts,19-Oct_19,Durmstrang
200 MEDLEY RELAY,3,02:10.8,George Weasley,2,4,Hogwarts,19-Oct_19,Durmstrang
200 MEDLEY RELAY,3,02:10.8,Aberforth Dumbledore,2,4,Hogwarts,19-Oct_19,Durmstrang
200 MEDLEY RELAY,5,02:54.1,Albus Dumbledore,0,0,Hogwarts,19-Oct_19,Durmstrang
200 MEDLEY RELAY,5,02:54.1,Rubeus Hagrid,0,0,Hogwarts,19-Oct_19,Durmstrang
200 MEDLEY RELAY,5,02:54.1,Oliver Wood,0,0,Hogwarts,19-Oct_19,Durmstrang
200 MEDLEY RELAY,5,02:54.1,Marcus Flint,0,0,Hogwarts,19-Oct_19,Durmstrang
200 FREE,1,03:50.7,Cedric Diggory,6,0,Hogwarts,19-Oct_19,Durmstrang
200 FREE,3,02:32.1,Angelina Johnson,1,6,Hogwarts,19-Oct_19,Durmstrang
200 FREE,5,03:01.5,Molly Weasley,5,1,Hogwarts,19-Oct_19,Durmstrang
200 IM,1,03:33.1,Arthur Weasley,5,1,Hogwarts,19-Oct_19,Durmstrang
200 IM,3,02:57.9,James Potter,4,2,Hogwarts,19-Oct_19,Durmstrang
200 IM,5,DQ,Lily Potter,0,0,Hogwarts,19-Oct_19,Durmstrang
50 FREE,1,00:31.4,Severus Snape,5,0,Hogwarts,19-Oct_19,Durmstrang
50 FREE,3,00:27.6,Olive Hornby,3,3,Hogwarts,19-Oct_19,Durmstrang
50 FREE,5,00:37.0,Moaning Myrtle,6,1,Hogwarts,19-Oct_19,Durmstrang
50 FREE,1,00:38.6,Bertha Jorkins,0,0,Hogwarts,19-Oct_19,Durmstrang
50 FREE,2,00:45.3,Sirius Black,0,0,Hogwarts,19-Oct_19,Durmstrang
50 FREE,3,00:47.5,Peter Pettigrew,0,0,Hogwarts,19-Oct_19,Durmstrang
50 FREE,4,00:38.7,Minerva McGonagall,0,0,Hogwarts,19-Oct_19,Durmstrang
50 FREE,5,00:44.7,Remus Lupin,0,0,Hogwarts,19-Oct_19,Durmstrang
50 FREE,6,00:48.4,Lee Jordan,0,0,Hogwarts,19-Oct_19,Durmstrang
100 FLY,1,01:49.9,Alicia Spinnet,5,1,Hogwarts,19-Oct_19,Durmstrang
100 FLY,3,01:23.4,Patricia Stimpson,4,2,Hogwarts,19-Oct_19,Durmstrang
100 FLY,5,01:45.7,Madeline Cyr,6,0,Hogwarts,19-Oct_19,Durmstrang
100 FREE,1,01:41.9,Kenneth Towler,5,1,Hogwarts,19-Oct_19,Durmstrang
100 FREE,3,01:23.4,Filius Flitwick,3,3,Hogwarts,19-Oct_19,Durmstrang
100 FREE,5,01:45.7,Nymphadora Tonks,6,0,Hogwarts,19-Oct_19,Durmstrang
500 FREE,1,08:00.0,Horace Slughorn,6,0,Hogwarts,19-Oct_19,Durmstrang
500 FREE,3,06:20.3,Phineas Nigellus Black,1,6,Hogwarts,19-Oct_19,Durmstrang
500 FREE,5,06:59.6,Regulus Black,2,4,Hogwarts,19-Oct_19,Durmstrang
200 FREE RELAY,1,02:30.1,Bellatrix Lestrange,5,0,Hogwarts,19-Oct_19,Durmstrang
200 FREE RELAY,1,02:30.1,Narcissa Malfoy,5,0,Hogwarts,19-Oct_19,Durmstrang
200 FREE RELAY,1,02:30.1,Evan Rosier,5,0,Hogwarts,19-Oct_19,Durmstrang
200 FREE RELAY,1,02:30.1,Rodolphus Lestrange,5,0,Hogwarts,19-Oct_19,Durmstrang
200 FREE RELAY,3,01:59.0,Rabastan Lestrange,2,4,Hogwarts,19-Oct_19,Durmstrang
200 FREE RELAY,3,01:59.0,Miles Bletchley,2,4,Hogwarts,19-Oct_19,Durmstrang
200 FREE RELAY,3,01:59.0,Harry Potter,2,4,Hogwarts,19-Oct_19,Durmstrang
200 FREE RELAY,3,01:59.0,Ron Weasley,2,4,Hogwarts,19-Oct_19,Durmstrang
200 FREE RELAY,5,02:51.4,Hermione Granger,6,0,Hogwarts,19-Oct_19,Durmstrang
200 FREE RELAY,5,02:51.4,Colin Creevey,6,0,Hogwarts,19-Oct_19,Durmstrang
200 FREE RELAY,5,02:51.4,Seamus Finnigan,6,0,Hogwarts,19-Oct_19,Durmstrang
200 FREE RELAY,5,02:51.4,Hannah Abbott,6,0,Hogwarts,19-Oct_19,Durmstrang
100 BACK,1,01:18.8,Pansy Parkinson,4,2,Hogwarts,19-Oct_19,Durmstrang
100 BACK,3,01:09.1,Zacharias Smith,1,6,Hogwarts,19-Oct_19,Durmstrang
100 BACK,5,DQ,Blaise Zabini,0,0,Hogwarts,19-Oct_19,Durmstrang
100  BREAST,1,02:16.1,Draco Malfoy,6,3,Hogwarts,19-Oct_19,Durmstrang
100  BREAST,3,01:24.2,Dean Thomas,3,6,Hogwarts,19-Oct_19,Durmstrang
100  BREAST,5,01:39.4,Millicent Bulstrode,5,4,Hogwarts,19-Oct_19,Durmstrang
400 FREE RELAY,1,06:12.8,Terry Boot,2,4,Hogwarts,19-Oct_19,Durmstrang
400 FREE RELAY,1,06:12.8,Ernie Macmillan,2,4,Hogwarts,19-Oct_19,Durmstrang
400 FREE RELAY,1,06:12.8,Vincent Crabbe,2,4,Hogwarts,19-Oct_19,Durmstrang
400 FREE RELAY,1,06:12.8,Gregory Goyle,2,4,Hogwarts,19-Oct_19,Durmstrang
400 FREE RELAY,3,05:15.6,Lavender Brown,1,8,Hogwarts,19-Oct_19,Durmstrang
400 FREE RELAY,3,05:15.6,Katie Bell,1,8,Hogwarts,19-Oct_19,Durmstrang
400 FREE RELAY,3,05:15.6,Parvati Patil,1,8,Hogwarts,19-Oct_19,Durmstrang
400 FREE RELAY,3,05:15.6,Dennis Creevey,1,8,Hogwarts,19-Oct_19,Durmstrang
400 FREE RELAY,5,06:59.9,Eloise Midgen,0,0,Hogwarts,19-Oct_19,Durmstrang
400 FREE RELAY,5,06:59.9,Ritchie Coote,0,0,Hogwarts,19-Oct_19,Durmstrang
400 FREE RELAY,5,06:59.9,Jack Sloper,0,0,Hogwarts,19-Oct_19,Durmstrang
400 FREE RELAY,5,06:59.9,Victoria Frobisher,0,0,Hogwarts,19-Oct_19,Durmstrang
200 MEDLEY RELAY,2,02:11.1,Geoffrey Hooper,3,2,Beauxbatons,19-Oct_19,Durmstrang
200 MEDLEY RELAY,2,02:11.1,Andrew Kirke,3,2,Beauxbatons,19-Oct_19,Durmstrang
200 MEDLEY RELAY,2,02:11.1,Demelza Robins,3,2,Beauxbatons,19-Oct_19,Durmstrang
200 MEDLEY RELAY,2,02:11.1,Cormac McLaggen,3,2,Beauxbatons,19-Oct_19,Durmstrang
200 MEDLEY RELAY,4,02:06.3,Neville Longbottom,1,8,Beauxbatons,19-Oct_19,Durmstrang
200 MEDLEY RELAY,4,02:06.3,Ginny Weasley,1,8,Beauxbatons,19-Oct_19,Durmstrang
200 MEDLEY RELAY,4,02:06.3,Romilda Vane,1,8,Beauxbatons,19-Oct_19,Durmstrang
200 MEDLEY RELAY,4,02:06.3,Natalie McDonald,1,8,Beauxbatons,19-Oct_19,Durmstrang
200 MEDLEY RELAY,6,02:25.3,Jimmy Peakes,0,0,Beauxbatons,19-Oct_19,Durmstrang
200 MEDLEY RELAY,6,02:25.3,Euan Abercrombie,0,0,Beauxbatons,19-Oct_19,Durmstrang
200 MEDLEY RELAY,6,02:25.3,Mary MacDonald,0,0,Beauxbatons,19-Oct_19,Durmstrang
200 MEDLEY RELAY,6,02:25.3,Penelope Clearwater,0,0,Beauxbatons,19-Oct_19,Durmstrang
200 FREE,2,02:40.5,Roger Davies,3,3,Beauxbatons,19-Oct_19,Durmstrang
200 FREE,4,02:33.2,Eddie Carmichael,2,2,Beauxbatons,19-Oct_19,Durmstrang
200 FREE,6,02:43.3,Cho Chang,4,4,Beauxbatons,19-Oct_19,Durmstrang
200 IM,2,02:42.9,Marietta Edgecombe,1,6,Beauxbatons,19-Oct_19,Durmstrang
200 IM,4,02:46.3,Mandy Brocklehurst,2,4,Beauxbatons,19-Oct_19,Durmstrang
200 IM,6,02:47.7,Michael Corner,3,3,Beauxbatons,19-Oct_19,Durmstrang
50 FREE,2,00:26.9,Stephen Cornfoot,2,4,Beauxbatons,19-Oct_19,Durmstrang
50 FREE,4,00:26.7,Kevin Entwhistle,1,6,Beauxbatons,19-Oct_19,Durmstrang
50 FREE,6,00:30.0,Anthony Goldstein,4,2,Beauxbatons,19-Oct_19,Durmstrang
50 FREE,2,00:44.3,Su Li,0,0,Beauxbatons,19-Oct_19,Durmstrang
50 FREE,4,00:47.3,Morag McDougal,0,0,Beauxbatons,19-Oct_19,Durmstrang
100 FLY,2,01:18.2,Padma Patil,1,6,Beauxbatons,19-Oct_19,Durmstrang
100 FLY,4,01:20.2,Lisa Turpin,2,4,Beauxbatons,19-Oct_19,Durmstrang
100 FLY,6,01:22.8,Luna Lovegood,3,3,Beauxbatons,19-Oct_19,Durmstrang
100 FREE,2,01:18.2,Orla Quirke,1,6,Beauxbatons,19-Oct_19,Durmstrang
100 FREE,4,01:21.0,Stewart Ackerley,2,4,Beauxbatons,19-Oct_19,Durmstrang
100 FREE,6,01:22.8,Susan Bones,4,2,Beauxbatons,19-Oct_19,Durmstrang
500 FREE,2,07:17.4,Eleanor Branstone,4,2,Beauxbatons,19-Oct_19,Durmstrang
500 FREE,4,07:01.2,Owen Cauldwell,3,3,Beauxbatons,19-Oct_19,Durmstrang
500 FREE,6,07:24.0,Justin Finch-Fletchley,5,1,Beauxbatons,19-Oct_19,Durmstrang
200 FREE RELAY,2,02:09.2,Wayne Hopkins,3,2,Beauxbatons,19-Oct_19,Durmstrang
200 FREE RELAY,2,02:09.2,Megan Jones,3,2,Beauxbatons,19-Oct_19,Durmstrang
200 FREE RELAY,2,02:09.2,Laura Madley,3,2,Beauxbatons,19-Oct_19,Durmstrang
200 FREE RELAY,2,02:09.2,Kevin Whitby,3,2,Beauxbatons,19-Oct_19,Durmstrang
200 FREE RELAY,4,01:52.3,Rose Zeller,1,8,Beauxbatons,19-Oct_19,Durmstrang
200 FREE RELAY,4,01:52.3,Terence Higgs,1,8,Beauxbatons,19-Oct_19,Durmstrang
200 FREE RELAY,4,01:52.3,Adrian Pucey,1,8,Beauxbatons,19-Oct_19,Durmstrang
200 FREE RELAY,4,01:52.3,Tracey Davis,1,8,Beauxbatons,19-Oct_19,Durmstrang
200 FREE RELAY,6,02:29.8,Lilian Moon,4,0,Beauxbatons,19-Oct_19,Durmstrang
200 FREE RELAY,6,02:29.8,Daphne Greengrass,4,0,Beauxbatons,19-Oct_19,Durmstrang
200 FREE RELAY,6,02:29.8,Theodore Nott,4,0,Beauxbatons,19-Oct_19,Durmstrang
200 FREE RELAY,6,02:29.8,Astoria Greengrass,4,0,Beauxbatons,19-Oct_19,Durmstrang
100 BACK,2,01:22.4,Malcolm Baddock,5,1,Beauxbatons,19-Oct_19,Durmstrang
100 BACK,4,01:15.3,Graham Pritchard,2,4,Beauxbatons,19-Oct_19,Durmstrang
100 BACK,6,01:17.8,Lucius Malfoy,3,3,Beauxbatons,19-Oct_19,Durmstrang
100  BREAST,2,01:20.8,Tom Riddle,2,4,Beauxbatons,19-Oct_19,Durmstrang
100  BREAST,4,01:16.8,Percy Weasley,1,6,Beauxbatons,19-Oct_19,Durmstrang
100  BREAST,6,01:32.3,Bill Weasley,4,0,Beauxbatons,19-Oct_19,Durmstrang
400 FREE RELAY,2,04:59.9,Charlie Weasley,2,4,Beauxbatons,19-Oct_19,Durmstrang
400 FREE RELAY,2,04:59.9,Fred Weasley,2,4,Beauxbatons,19-Oct_19,Durmstrang
400 FREE RELAY,2,04:59.9,George Weasley,2,4,Beauxbatons,19-Oct_19,Durmstrang
400 FREE RELAY,2,04:59.9,Aberforth Dumbledore,2,4,Beauxbatons,19-Oct_19,Durmstrang
400 FREE RELAY,4,04:42.7,Albus Dumbledore,1,8,Beauxbatons,19-Oct_19,Durmstrang
400 FREE RELAY,4,04:42.7,Rubeus Hagrid,1,8,Beauxbatons,19-Oct_19,Durmstrang
400 FREE RELAY,4,04:42.7,Oliver Wood,1,8,Beauxbatons,19-Oct_19,Durmstrang
400 FREE RELAY,4,04:42.7,Marcus Flint,1,8,Beauxbatons,19-Oct_19,Durmstrang
400 FREE RELAY,6,05:44.2,Cedric Diggory,0,0,Beauxbatons,19-Oct_19,Durmstrang
400 FREE RELAY,6,05:44.2,Angelina Johnson,0,0,Beauxbatons,19-Oct_19,Durmstrang
400 FREE RELAY,6,05:44.2,Molly Weasley,0,0,Beauxbatons,19-Oct_19,Durmstrang
400 FREE RELAY,6,05:44.2,Arthur Weasley,0,0,Beauxbatons,19-Oct_19,Durmstrang
200 MEDLEY RELAY,1,02:46.7,James Potter,2,4,Hogwarts,27-10-2019,Beauxbatons
200 MEDLEY RELAY,1,02:46.7,Lily Potter,2,4,Hogwarts,27-10-2019,Beauxbatons
200 MEDLEY RELAY,1,02:46.7,Severus Snape,2,4,Hogwarts,27-10-2019,Beauxbatons
200 MEDLEY RELAY,1,02:46.7,Olive Hornby,2,4,Hogwarts,27-10-2019,Beauxbatons
200 MEDLEY RELAY,3,02:17.8,Moaning Myrtle,1,8,Hogwarts,27-10-2019,Beauxbatons
200 MEDLEY RELAY,3,02:17.8,Bertha Jorkins,1,8,Hogwarts,27-10-2019,Beauxbatons
200 MEDLEY RELAY,3,02:17.8,Sirius Black,1,8,Hogwarts,27-10-2019,Beauxbatons
200 MEDLEY RELAY,3,02:17.8,Peter Pettigrew,1,8,Hogwarts,27-10-2019,Beauxbatons
200 MEDLEY RELAY,5,02:54.4,Minerva McGonagall,4,0,Hogwarts,27-10-2019,Beauxbatons
200 MEDLEY RELAY,5,02:54.4,Remus Lupin,4,0,Hogwarts,27-10-2019,Beauxbatons
200 MEDLEY RELAY,5,02:54.4,Lee Jordan,4,0,Hogwarts,27-10-2019,Beauxbatons
200 MEDLEY RELAY,5,02:54.4,Alicia Spinnet,4,0,Hogwarts,27-10-2019,Beauxbatons
200 FREE,1,03:06.2,Patricia Stimpson,3,3,Hogwarts,27-10-2019,Beauxbatons
200 FREE,3,02:15.7,Madeline Cyr,1,6,Hogwarts,27-10-2019,Beauxbatons
200 FREE,5,02:54.2,Kenneth Towler,2,4,Hogwarts,27-10-2019,Beauxbatons
200 IM,1,03:18.0,Filius Flitwick,4,2,Hogwarts,27-10-2019,Beauxbatons
200 IM,3,02:41.9,Nymphadora Tonks,1,6,Hogwarts,27-10-2019,Beauxbatons
200 IM,5,03:07.2,Horace Slughorn,3,3,Hogwarts,27-10-2019,Beauxbatons
50 FREE,1,00:34.9,Phineas Nigellus Black,2,4,Hogwarts,27-10-2019,Beauxbatons
50 FREE,3,00:31.9,Regulus Black,1,6,Hogwarts,27-10-2019,Beauxbatons
50 FREE,5,00:38.1,Bellatrix Lestrange,5,0,Hogwarts,27-10-2019,Beauxbatons
100 FLY,1,01:46.2,Narcissa Malfoy,4,2,Hogwarts,27-10-2019,Beauxbatons
100 FLY,3,01:28.7,Evan Rosier,1,6,Hogwarts,27-10-2019,Beauxbatons
100 FLY,5,01:40.9,Rodolphus Lestrange,2,4,Hogwarts,27-10-2019,Beauxbatons
100 FREE,1,01:19.3,Rabastan Lestrange,4,2,Hogwarts,27-10-2019,Beauxbatons
100 FREE,3,01:07.1,Miles Bletchley,2,4,Hogwarts,27-10-2019,Beauxbatons
100 FREE,5,01:19.3,Harry Potter,3,3,Hogwarts,27-10-2019,Beauxbatons
500 FREE,1,08:36.4,Ron Weasley,2,4,Hogwarts,27-10-2019,Beauxbatons
500 FREE,3,07:18.2,Hermione Granger,1,6,Hogwarts,27-10-2019,Beauxbatons
200 FREE RELAY,1,02:21.0,Colin Creevey,3,2,Hogwarts,27-10-2019,Beauxbatons
200 FREE RELAY,1,02:21.0,Seamus Finnigan,3,2,Hogwarts,27-10-2019,Beauxbatons
200 FREE RELAY,1,02:21.0,Hannah Abbott,3,2,Hogwarts,27-10-2019,Beauxbatons
200 FREE RELAY,1,02:21.0,Pansy Parkinson,3,2,Hogwarts,27-10-2019,Beauxbatons
200 FREE RELAY,3,02:02.4,Zacharias Smith,1,8,Hogwarts,27-10-2019,Beauxbatons
200 FREE RELAY,3,02:02.4,Blaise Zabini,1,8,Hogwarts,27-10-2019,Beauxbatons
200 FREE RELAY,3,02:02.4,Draco Malfoy,1,8,Hogwarts,27-10-2019,Beauxbatons
200 FREE RELAY,3,02:02.4,Dean Thomas,1,8,Hogwarts,27-10-2019,Beauxbatons
200 FREE RELAY,5,02:39.9,Millicent Bulstrode,4,0,Hogwarts,27-10-2019,Beauxbatons
200 FREE RELAY,5,02:39.9,Terry Boot,4,0,Hogwarts,27-10-2019,Beauxbatons
200 FREE RELAY,5,02:39.9,Ernie Macmillan,4,0,Hogwarts,27-10-2019,Beauxbatons
200 FREE RELAY,5,02:39.9,Vincent Crabbe,4,0,Hogwarts,27-10-2019,Beauxbatons
100 BACK,1,01:44.7,Gregory Goyle,3,2,Hogwarts,27-10-2019,Beauxbatons
100 BACK,3,01:15.5,Lavender Brown,1,6,Hogwarts,27-10-2019,Beauxbatons
100 BACK,5,01:25.9,Katie Bell,2,4,Hogwarts,27-10-2019,Beauxbatons
100  BREAST,1,01:54.6,Parvati Patil,3,2,Hogwarts,27-10-2019,Beauxbatons
100  BREAST,3,01:23.7,Dennis Creevey,1,6,Hogwarts,27-10-2019,Beauxbatons
100  BREAST,5,01:28.9,Eloise Midgen,2,4,Hogwarts,27-10-2019,Beauxbatons
400 FREE RELAY,1,06:45.6,Ritchie Coote,5,0,Hogwarts,27-10-2019,Beauxbatons
400 FREE RELAY,1,06:45.6,Jack Sloper,5,0,Hogwarts,27-10-2019,Beauxbatons
400 FREE RELAY,1,06:45.6,Victoria Frobisher,5,0,Hogwarts,27-10-2019,Beauxbatons
400 FREE RELAY,1,06:45.6,Geoffrey Hooper,5,0,Hogwarts,27-10-2019,Beauxbatons
400 FREE RELAY,3,05:11.4,Andrew Kirke,1,8,Hogwarts,27-10-2019,Beauxbatons
400 FREE RELAY,3,05:11.4,Demelza Robins,1,8,Hogwarts,27-10-2019,Beauxbatons
400 FREE RELAY,3,05:11.4,Cormac McLaggen,1,8,Hogwarts,27-10-2019,Beauxbatons
400 FREE RELAY,3,05:11.4,Neville Longbottom,1,8,Hogwarts,27-10-2019,Beauxbatons
400 FREE RELAY,5,05:59.7,Ginny Weasley,2,4,Hogwarts,27-10-2019,Beauxbatons
400 FREE RELAY,5,05:59.7,Romilda Vane,2,4,Hogwarts,27-10-2019,Beauxbatons
400 FREE RELAY,5,05:59.7,Natalie McDonald,2,4,Hogwarts,27-10-2019,Beauxbatons
400 FREE RELAY,5,05:59.7,Jimmy Peakes,2,4,Hogwarts,27-10-2019,Beauxbatons
200 MEDLEY RELAY,2,03:08.2,Euan Abercrombie,5,0,Mahoutokoro,27-10-2019,Beauxbatons
200 MEDLEY RELAY,2,03:08.2,Mary MacDonald,5,0,Mahoutokoro,27-10-2019,Beauxbatons
200 MEDLEY RELAY,2,03:08.2,Penelope Clearwater,5,0,Mahoutokoro,27-10-2019,Beauxbatons
200 MEDLEY RELAY,2,03:08.2,Roger Davies,5,0,Mahoutokoro,27-10-2019,Beauxbatons
200 MEDLEY RELAY,4,02:47.7,Eddie Carmichael,3,2,Mahoutokoro,27-10-2019,Beauxbatons
200 MEDLEY RELAY,4,02:47.7,Cho Chang,3,2,Mahoutokoro,27-10-2019,Beauxbatons
200 MEDLEY RELAY,4,02:47.7,Marietta Edgecombe,3,2,Mahoutokoro,27-10-2019,Beauxbatons
200 MEDLEY RELAY,4,02:47.7,Mandy Brocklehurst,3,2,Mahoutokoro,27-10-2019,Beauxbatons
200 FREE,4,03:55.1,Michael Corner,4,2,Mahoutokoro,27-10-2019,Beauxbatons
200 IM,2,04:13.2,Stephen Cornfoot,5,1,Mahoutokoro,27-10-2019,Beauxbatons
200 IM,4,02:59.9,Kevin Entwhistle,2,4,Mahoutokoro,27-10-2019,Beauxbatons
200 IM,6,04:47.5,Anthony Goldstein,6,0,Mahoutokoro,27-10-2019,Beauxbatons
50 FREE,2,00:37.9,Su Li,4,2,Mahoutokoro,27-10-2019,Beauxbatons
50 FREE,4,00:35.3,Morag McDougal,3,3,Mahoutokoro,27-10-2019,Beauxbatons
50 FREE,6,00:46.7,Padma Patil,6,0,Mahoutokoro,27-10-2019,Beauxbatons
100 FLY,4,01:43.5,Lisa Turpin,3,3,Mahoutokoro,27-10-2019,Beauxbatons
100 FREE,2,01:54.9,Luna Lovegood,5,1,Mahoutokoro,27-10-2019,Beauxbatons
100 FREE,4,1:06:35,Orla Quirke,1,6,Mahoutokoro,27-10-2019,Beauxbatons
500 FREE,4,09:36.5,Stewart Ackerley,3,3,Mahoutokoro,27-10-2019,Beauxbatons
200 FREE RELAY,2,03:08.0,Susan Bones,5,0,Mahoutokoro,27-10-2019,Beauxbatons
200 FREE RELAY,2,03:08.0,Eleanor Branstone,5,0,Mahoutokoro,27-10-2019,Beauxbatons
200 FREE RELAY,2,03:08.0,Owen Cauldwell,5,0,Mahoutokoro,27-10-2019,Beauxbatons
200 FREE RELAY,2,03:08.0,Justin Finch-Fletchley,5,0,Mahoutokoro,27-10-2019,Beauxbatons
200 FREE RELAY,4,02:15.0,Wayne Hopkins,2,4,Mahoutokoro,27-10-2019,Beauxbatons
200 FREE RELAY,4,02:15.0,Megan Jones,2,4,Mahoutokoro,27-10-2019,Beauxbatons
200 FREE RELAY,4,02:15.0,Laura Madley,2,4,Mahoutokoro,27-10-2019,Beauxbatons
200 FREE RELAY,4,02:15.0,Kevin Whitby,2,4,Mahoutokoro,27-10-2019,Beauxbatons
100 BACK,2,02:06.1,Rose Zeller,5,6,Mahoutokoro,27-10-2019,Beauxbatons
100 BACK,4,01:50.5,Terence Higgs,4,4,Mahoutokoro,27-10-2019,Beauxbatons
100  BREAST,2,01:57.4,Adrian Pucey,4,6,Mahoutokoro,27-10-2019,Beauxbatons
100  BREAST,4,02:01.9,Tracey Davis,5,4,Mahoutokoro,27-10-2019,Beauxbatons
400 FREE RELAY,4,06:30.9,Lilian Moon,3,8,Mahoutokoro,27-10-2019,Beauxbatons
400 FREE RELAY,4,06:30.9,Daphne Greengrass,3,8,Mahoutokoro,27-10-2019,Beauxbatons
400 FREE RELAY,4,06:30.9,Theodore Nott,3,8,Mahoutokoro,27-10-2019,Beauxbatons
400 FREE RELAY,4,06:30.9,Astoria Greengrass,3,8,Mahoutokoro,27-10-2019,Beauxbatons
400 FREE RELAY,6,07:12.8,Malcolm Baddock,6,0,Mahoutokoro,27-10-2019,Beauxbatons
400 FREE RELAY,6,07:12.8,Graham Pritchard,6,0,Mahoutokoro,27-10-2019,Beauxbatons
400 FREE RELAY,6,07:12.8,Lucius Malfoy,6,0,Mahoutokoro,27-10-2019,Beauxbatons
400 FREE RELAY,6,07:12.8,Tom Riddle,6,0,Mahoutokoro,27-10-2019,Beauxbatons
200 MEDLEY RELAY,1,02:38.2,Percy Weasley,5,0,Ilvermorny,20-Oct-19,Ilvermorny
200 MEDLEY RELAY,1,02:38.2,Bill Weasley,5,0,Ilvermorny,20-Oct-19,Ilvermorny
200 MEDLEY RELAY,1,02:38.2,Charlie Weasley,5,0,Ilvermorny,20-Oct-19,Ilvermorny
200 MEDLEY RELAY,1,02:38.2,Fred Weasley,5,0,Ilvermorny,20-Oct-19,Ilvermorny
200 MEDLEY RELAY,3,02:10.0,George Weasley,2,4,Ilvermorny,20-Oct-19,Ilvermorny
200 MEDLEY RELAY,3,02:10.0,Aberforth Dumbledore,2,4,Ilvermorny,20-Oct-19,Ilvermorny
200 MEDLEY RELAY,3,02:10.0,Albus Dumbledore,2,4,Ilvermorny,20-Oct-19,Ilvermorny
200 MEDLEY RELAY,3,02:10.0,Rubeus Hagrid,2,4,Ilvermorny,20-Oct-19,Ilvermorny
200 MEDLEY RELAY,5,02:39.3,Oliver Wood,4,0,Ilvermorny,20-Oct-19,Ilvermorny
200 MEDLEY RELAY,5,02:39.3,Marcus Flint,4,0,Ilvermorny,20-Oct-19,Ilvermorny
200 MEDLEY RELAY,5,02:39.3,Cedric Diggory,4,0,Ilvermorny,20-Oct-19,Ilvermorny
200 MEDLEY RELAY,5,02:39.3,Angelina Johnson,4,0,Ilvermorny,20-Oct-19,Ilvermorny
200 FREE,1,02:55.4,Molly Weasley,6,0,Ilvermorny,20-Oct-19,Ilvermorny
200 FREE,3,02:46.4,Arthur Weasley,5,1,Ilvermorny,20-Oct-19,Ilvermorny
200 FREE,5,02:28.6,James Potter,1,6,Ilvermorny,20-Oct-19,Ilvermorny
200 IM,1,03:28.6,Lily Potter,5,1,Ilvermorny,20-Oct-19,Ilvermorny
200 IM,3,02:32.7,Severus Snape,2,4,Ilvermorny,20-Oct-19,Ilvermorny
50 FREE,1,00:32.7,Olive Hornby,5,1,Ilvermorny,20-Oct-19,Ilvermorny
50 FREE,3,00:32.4,Moaning Myrtle,4,2,Ilvermorny,20-Oct-19,Ilvermorny
50 FREE,5,00:36.3,Bertha Jorkins,6,0,Ilvermorny,20-Oct-19,Ilvermorny
100 FLY,1,01:22.9,Sirius Black,5,1,Ilvermorny,20-Oct-19,Ilvermorny
100 FLY,3,01:15.8,Peter Pettigrew,2,4,Ilvermorny,20-Oct-19,Ilvermorny
100 FLY,5,01:37.1,Minerva McGonagall,6,0,Ilvermorny,20-Oct-19,Ilvermorny
100 FREE,1,01:07.0,Remus Lupin,4,2,Ilvermorny,20-Oct-19,Ilvermorny
100 FREE,3,01:15.8,Lee Jordan,5,1,Ilvermorny,20-Oct-19,Ilvermorny
100 FREE,5,01:25.4,Alicia Spinnet,6,0,Ilvermorny,20-Oct-19,Ilvermorny
500 FREE,1,09:44.6,Patricia Stimpson,5,1,Ilvermorny,20-Oct-19,Ilvermorny
500 FREE,3,06:36.6,Madeline Cyr,1,6,Ilvermorny,20-Oct-19,Ilvermorny
500 FREE,5,10:07.8,Kenneth Towler,6,0,Ilvermorny,20-Oct-19,Ilvermorny
200 FREE RELAY,1,02:22.7,Filius Flitwick,5,0,Ilvermorny,20-Oct-19,Ilvermorny
200 FREE RELAY,1,02:22.7,Nymphadora Tonks,5,0,Ilvermorny,20-Oct-19,Ilvermorny
200 FREE RELAY,1,02:22.7,Horace Slughorn,5,0,Ilvermorny,20-Oct-19,Ilvermorny
200 FREE RELAY,1,02:22.7,Phineas Nigellus Black,5,0,Ilvermorny,20-Oct-19,Ilvermorny
200 FREE RELAY,3,02:15.2,Regulus Black,3,2,Ilvermorny,20-Oct-19,Ilvermorny
200 FREE RELAY,3,02:15.2,Bellatrix Lestrange,3,2,Ilvermorny,20-Oct-19,Ilvermorny
200 FREE RELAY,3,02:15.2,Narcissa Malfoy,3,2,Ilvermorny,20-Oct-19,Ilvermorny
200 FREE RELAY,3,02:15.2,Evan Rosier,3,2,Ilvermorny,20-Oct-19,Ilvermorny
200 FREE RELAY,5,02:19.6,Rodolphus Lestrange,4,0,Ilvermorny,20-Oct-19,Ilvermorny
200 FREE RELAY,5,02:19.6,Rabastan Lestrange,4,0,Ilvermorny,20-Oct-19,Ilvermorny
200 FREE RELAY,5,02:19.6,Miles Bletchley,4,0,Ilvermorny,20-Oct-19,Ilvermorny
200 FREE RELAY,5,02:19.6,Harry Potter,4,0,Ilvermorny,20-Oct-19,Ilvermorny
100 BACK,1,01:24.1,Ron Weasley,6,0,Ilvermorny,20-Oct-19,Ilvermorny
100 BACK,3,01:16.0,Hermione Granger,2,4,Ilvermorny,20-Oct-19,Ilvermorny
100 BACK,5,01:23.4,Colin Creevey,5,1,Ilvermorny,20-Oct-19,Ilvermorny
100  BREAST,1,01:39.6,Seamus Finnigan,5,1,Ilvermorny,20-Oct-19,Ilvermorny
100  BREAST,3,01:17.6,Hannah Abbott,1,6,Ilvermorny,20-Oct-19,Ilvermorny
400 FREE RELAY,1,05:41.7,Pansy Parkinson,5,0,Ilvermorny,20-Oct-19,Ilvermorny
400 FREE RELAY,1,05:41.7,Zacharias Smith,5,0,Ilvermorny,20-Oct-19,Ilvermorny
400 FREE RELAY,1,05:41.7,Blaise Zabini,5,0,Ilvermorny,20-Oct-19,Ilvermorny
400 FREE RELAY,1,05:41.7,Draco Malfoy,5,0,Ilvermorny,20-Oct-19,Ilvermorny
400 FREE RELAY,3,04:43.2,Dean Thomas,2,4,Ilvermorny,20-Oct-19,Ilvermorny
400 FREE RELAY,3,04:43.2,Millicent Bulstrode,2,4,Ilvermorny,20-Oct-19,Ilvermorny
400 FREE RELAY,3,04:43.2,Terry Boot,2,4,Ilvermorny,20-Oct-19,Ilvermorny
400 FREE RELAY,3,04:43.2,Ernie Macmillan,2,4,Ilvermorny,20-Oct-19,Ilvermorny
400 FREE RELAY,5,05:24.1,Vincent Crabbe,3,2,Ilvermorny,20-Oct-19,Ilvermorny
400 FREE RELAY,5,05:24.1,Gregory Goyle,3,2,Ilvermorny,20-Oct-19,Ilvermorny
400 FREE RELAY,5,05:24.1,Lavender Brown,3,2,Ilvermorny,20-Oct-19,Ilvermorny
400 FREE RELAY,5,05:24.1,Katie Bell,3,2,Ilvermorny,20-Oct-19,Ilvermorny
200 MEDLEY RELAY,2,02:15.8,Parvati Patil,3,2,Beauxbatons,20-Oct-19,Ilvermorny
200 MEDLEY RELAY,2,02:15.8,Dennis Creevey,3,2,Beauxbatons,20-Oct-19,Ilvermorny
200 MEDLEY RELAY,2,02:15.8,Eloise Midgen,3,2,Beauxbatons,20-Oct-19,Ilvermorny
200 MEDLEY RELAY,2,02:15.8,Ritchie Coote,3,2,Beauxbatons,20-Oct-19,Ilvermorny
200 MEDLEY RELAY,4,02:07.3,Jack Sloper,1,8,Beauxbatons,20-Oct-19,Ilvermorny
200 MEDLEY RELAY,4,02:07.3,Victoria Frobisher,1,8,Beauxbatons,20-Oct-19,Ilvermorny
200 MEDLEY RELAY,4,02:07.3,Geoffrey Hooper,1,8,Beauxbatons,20-Oct-19,Ilvermorny
200 MEDLEY RELAY,4,02:07.3,Andrew Kirke,1,8,Beauxbatons,20-Oct-19,Ilvermorny
200 MEDLEY RELAY,6,02:29.5,Demelza Robins,4,0,Beauxbatons,20-Oct-19,Ilvermorny
200 MEDLEY RELAY,6,02:29.5,Cormac McLaggen,4,0,Beauxbatons,20-Oct-19,Ilvermorny
200 MEDLEY RELAY,6,02:29.5,Neville Longbottom,4,0,Beauxbatons,20-Oct-19,Ilvermorny
200 MEDLEY RELAY,6,02:29.5,Ginny Weasley,4,0,Beauxbatons,20-Oct-19,Ilvermorny
200 FREE,2,02:40.4,Romilda Vane,3,3,Beauxbatons,20-Oct-19,Ilvermorny
200 FREE,4,02:32.7,Natalie McDonald,2,4,Beauxbatons,20-Oct-19,Ilvermorny
200 FREE,6,02:43.9,Jimmy Peakes,4,2,Beauxbatons,20-Oct-19,Ilvermorny
200 IM,2,02:42.2,Euan Abercrombie,3,3,Beauxbatons,20-Oct-19,Ilvermorny
200 IM,4,02:46.3,Mary MacDonald,4,2,Beauxbatons,20-Oct-19,Ilvermorny
200 IM,6,02:31.8,Penelope Clearwater,1,6,Beauxbatons,20-Oct-19,Ilvermorny
50 FREE,2,00:26.9,Roger Davies,1,6,Beauxbatons,20-Oct-19,Ilvermorny
50 FREE,4,00:28.5,Eddie Carmichael,2,4,Beauxbatons,20-Oct-19,Ilvermorny
50 FREE,6,00:28.8,Cho Chang,3,3,Beauxbatons,20-Oct-19,Ilvermorny
100 FLY,2,01:10.9,Marietta Edgecombe,1,6,Beauxbatons,20-Oct-19,Ilvermorny
100 FLY,4,01:17.9,Mandy Brocklehurst,3,3,Beauxbatons,20-Oct-19,Ilvermorny
100 FLY,6,01:18.6,Michael Corner,4,2,Beauxbatons,20-Oct-19,Ilvermorny
100 FREE,2,01:03.2,Stephen Cornfoot,2,4,Beauxbatons,20-Oct-19,Ilvermorny
100 FREE,4,00:59.7,Kevin Entwhistle,1,6,Beauxbatons,20-Oct-19,Ilvermorny
100 FREE,6,01:04.6,Anthony Goldstein,3,3,Beauxbatons,20-Oct-19,Ilvermorny
500 FREE,2,07:17.8,Su Li,3,3,Beauxbatons,20-Oct-19,Ilvermorny
500 FREE,4,06:37.6,Morag McDougal,2,4,Beauxbatons,20-Oct-19,Ilvermorny
500 FREE,6,08:08.7,Padma Patil,4,2,Beauxbatons,20-Oct-19,Ilvermorny
200 FREE RELAY,2,02:00.5,Lisa Turpin,2,4,Beauxbatons,20-Oct-19,Ilvermorny
200 FREE RELAY,2,02:00.5,Luna Lovegood,2,4,Beauxbatons,20-Oct-19,Ilvermorny
200 FREE RELAY,2,02:00.5,Orla Quirke,2,4,Beauxbatons,20-Oct-19,Ilvermorny
200 FREE RELAY,2,02:00.5,Stewart Ackerley,2,4,Beauxbatons,20-Oct-19,Ilvermorny
200 FREE RELAY,4,01:35.8,Susan Bones,1,8,Beauxbatons,20-Oct-19,Ilvermorny
200 FREE RELAY,4,01:35.8,Eleanor Branstone,1,8,Beauxbatons,20-Oct-19,Ilvermorny
200 FREE RELAY,4,01:35.8,Owen Cauldwell,1,8,Beauxbatons,20-Oct-19,Ilvermorny
200 FREE RELAY,4,01:35.8,Justin Finch-Fletchley,1,8,Beauxbatons,20-Oct-19,Ilvermorny
200 FREE RELAY,6,02:30.5,Wayne Hopkins,6,0,Beauxbatons,20-Oct-19,Ilvermorny
200 FREE RELAY,6,02:30.5,Megan Jones,6,0,Beauxbatons,20-Oct-19,Ilvermorny
200 FREE RELAY,6,02:30.5,Laura Madley,6,0,Beauxbatons,20-Oct-19,Ilvermorny
200 FREE RELAY,6,02:30.5,Kevin Whitby,6,0,Beauxbatons,20-Oct-19,Ilvermorny
100 BACK,2,01:16.4,Rose Zeller,3,3,Beauxbatons,20-Oct-19,Ilvermorny
100 BACK,4,01:11.9,Terence Higgs,1,6,Beauxbatons,20-Oct-19,Ilvermorny
100 BACK,6,01:19.7,Adrian Pucey,4,2,Beauxbatons,20-Oct-19,Ilvermorny
100  BREAST,2,01:30.5,Tracey Davis,3,3,Beauxbatons,20-Oct-19,Ilvermorny
100  BREAST,4,01:20.2,Lilian Moon,2,4,Beauxbatons,20-Oct-19,Ilvermorny
100  BREAST,6,01:33.1,Daphne Greengrass,4,2,Beauxbatons,20-Oct-19,Ilvermorny
400 FREE RELAY,2,05:42.9,Theodore Nott,6,0,Beauxbatons,20-Oct-19,Ilvermorny
400 FREE RELAY,2,05:42.9,Astoria Greengrass,6,0,Beauxbatons,20-Oct-19,Ilvermorny
400 FREE RELAY,2,05:42.9,Malcolm Baddock,6,0,Beauxbatons,20-Oct-19,Ilvermorny
400 FREE RELAY,2,05:42.9,Graham Pritchard,6,0,Beauxbatons,20-Oct-19,Ilvermorny
400 FREE RELAY,4,04:32.0,Lucius Malfoy,1,8,Beauxbatons,20-Oct-19,Ilvermorny
400 FREE RELAY,4,04:32.0,Tom Riddle,1,8,Beauxbatons,20-Oct-19,Ilvermorny
400 FREE RELAY,4,04:32.0,Percy Weasley,1,8,Beauxbatons,20-Oct-19,Ilvermorny
400 FREE RELAY,4,04:32.0,Bill Weasley,1,8,Beauxbatons,20-Oct-19,Ilvermorny
400 FREE RELAY,6,05:36.7,Charlie Weasley,4,0,Beauxbatons,20-Oct-19,Ilvermorny
400 FREE RELAY,6,05:36.7,Fred Weasley,4,0,Beauxbatons,20-Oct-19,Ilvermorny
400 FREE RELAY,6,05:36.7,George Weasley,4,0,Beauxbatons,20-Oct-19,Ilvermorny
400 FREE RELAY,6,05:36.7,Aberforth Dumbledore,4,0,Beauxbatons,20-Oct-19,Ilvermorny
200 MEDLEY RELAY,1,02:43.8,Albus Dumbledore,4,0,Ilvermorny,19-Oct-19,Uagadou
200 MEDLEY RELAY,1,02:43.8,Rubeus Hagrid,4,0,Ilvermorny,19-Oct-19,Uagadou
200 MEDLEY RELAY,1,02:43.8,Oliver Wood,4,0,Ilvermorny,19-Oct-19,Uagadou
200 MEDLEY RELAY,1,02:43.8,Marcus Flint,4,0,Ilvermorny,19-Oct-19,Uagadou
200 MEDLEY RELAY,3,02:14.1,Cedric Diggory,1,8,Ilvermorny,19-Oct-19,Uagadou
200 MEDLEY RELAY,3,02:14.1,Angelina Johnson,1,8,Ilvermorny,19-Oct-19,Uagadou
200 MEDLEY RELAY,3,02:14.1,Molly Weasley,1,8,Ilvermorny,19-Oct-19,Uagadou
200 MEDLEY RELAY,3,02:14.1,Arthur Weasley,1,8,Ilvermorny,19-Oct-19,Uagadou
200 MEDLEY RELAY,5,02:30.1,James Potter,3,2,Ilvermorny,19-Oct-19,Uagadou
200 MEDLEY RELAY,5,02:30.1,Lily Potter,3,2,Ilvermorny,19-Oct-19,Uagadou
200 MEDLEY RELAY,5,02:30.1,Severus Snape,3,2,Ilvermorny,19-Oct-19,Uagadou
200 MEDLEY RELAY,5,02:30.1,Olive Hornby,3,2,Ilvermorny,19-Oct-19,Uagadou
200 FREE,1,03:22.9,Moaning Myrtle,4,2,Ilvermorny,19-Oct-19,Uagadou
200 FREE,3,02:42.7,Bertha Jorkins,1,6,Ilvermorny,19-Oct-19,Uagadou
200 FREE,5,02:57.3,Sirius Black,2,4,Ilvermorny,19-Oct-19,Uagadou
200 IM,1,02:53.1,Peter Pettigrew,2,4,Ilvermorny,19-Oct-19,Uagadou
200 IM,3,02:42.2,Minerva McGonagall,1,6,Ilvermorny,19-Oct-19,Uagadou
200 IM,5,DQ,Remus Lupin,DQ,DQ,Ilvermorny,19-Oct-19,Uagadou
50 FREE,1,00:34.6,Lee Jordan,4,2,Ilvermorny,19-Oct-19,Uagadou
50 FREE,3,00:34.0,Alicia Spinnet,3,3,Ilvermorny,19-Oct-19,Uagadou
50 FREE,5,00:32.8,Patricia Stimpson,2,4,Ilvermorny,19-Oct-19,Uagadou
100 FLY,1,01:41.3,Madeline Cyr,4,2,Ilvermorny,19-Oct-19,Uagadou
100 FLY,3,01:13.8,Kenneth Towler,1,6,Ilvermorny,19-Oct-19,Uagadou
100 FLY,5,01:22.8,Filius Flitwick,3,3,Ilvermorny,19-Oct-19,Uagadou
100 FREE,1,01:24.8,Nymphadora Tonks,3,3,Ilvermorny,19-Oct-19,Uagadou
100 FREE,3,01:16.5,Horace Slughorn,1,6,Ilvermorny,19-Oct-19,Uagadou
100 FREE,5,01:23.3,Phineas Nigellus Black,2,4,Ilvermorny,19-Oct-19,Uagadou
500 FREE,1,09:56.9,Regulus Black,4,2,Ilvermorny,19-Oct-19,Uagadou
500 FREE,3,06:54.9,Bellatrix Lestrange,1,6,Ilvermorny,19-Oct-19,Uagadou
200 FREE RELAY,1,02:27.7,Narcissa Malfoy,3,0,Ilvermorny,19-Oct-19,Uagadou
200 FREE RELAY,1,02:27.7,Evan Rosier,3,0,Ilvermorny,19-Oct-19,Uagadou
200 FREE RELAY,1,02:27.7,Rodolphus Lestrange,3,0,Ilvermorny,19-Oct-19,Uagadou
200 FREE RELAY,1,02:27.7,Rabastan Lestrange,3,0,Ilvermorny,19-Oct-19,Uagadou
200 FREE RELAY,3,02:16.3,Miles Bletchley,1,8,Ilvermorny,19-Oct-19,Uagadou
200 FREE RELAY,3,02:16.3,Harry Potter,1,8,Ilvermorny,19-Oct-19,Uagadou
200 FREE RELAY,3,02:16.3,Ron Weasley,1,8,Ilvermorny,19-Oct-19,Uagadou
200 FREE RELAY,3,02:16.3,Hermione Granger,1,8,Ilvermorny,19-Oct-19,Uagadou
200 FREE RELAY,5,02:24.0,Colin Creevey,2,4,Ilvermorny,19-Oct-19,Uagadou
200 FREE RELAY,5,02:24.0,Seamus Finnigan,2,4,Ilvermorny,19-Oct-19,Uagadou
200 FREE RELAY,5,02:24.0,Hannah Abbott,2,4,Ilvermorny,19-Oct-19,Uagadou
200 FREE RELAY,5,02:24.0,Pansy Parkinson,2,4,Ilvermorny,19-Oct-19,Uagadou
100 BACK,1,01:18.0,Zacharias Smith,2,0,Ilvermorny,19-Oct-19,Uagadou
100 BACK,3,01:14.4,Blaise Zabini,1,0,Ilvermorny,19-Oct-19,Uagadou
100 BACK,5,01:24.0,Draco Malfoy,4,0,Ilvermorny,19-Oct-19,Uagadou
100  BREAST,1,01:34.3,Dean Thomas,3,3,Ilvermorny,19-Oct-19,Uagadou
100  BREAST,3,01:32.2,Millicent Bulstrode,1,6,Ilvermorny,19-Oct-19,Uagadou
100  BREAST,5,01:42.8,Terry Boot,5,1,Ilvermorny,19-Oct-19,Uagadou
400 FREE RELAY,1,05:35.5,Ernie Macmillan,3,2,Ilvermorny,19-Oct-19,Uagadou
400 FREE RELAY,1,05:35.5,Vincent Crabbe,3,2,Ilvermorny,19-Oct-19,Uagadou
400 FREE RELAY,1,05:35.5,Gregory Goyle,3,2,Ilvermorny,19-Oct-19,Uagadou
400 FREE RELAY,1,05:35.5,Lavender Brown,3,2,Ilvermorny,19-Oct-19,Uagadou
400 FREE RELAY,3,04:49.0,Katie Bell,1,8,Ilvermorny,19-Oct-19,Uagadou
400 FREE RELAY,3,04:49.0,Parvati Patil,1,8,Ilvermorny,19-Oct-19,Uagadou
400 FREE RELAY,3,04:49.0,Dennis Creevey,1,8,Ilvermorny,19-Oct-19,Uagadou
400 FREE RELAY,3,04:49.0,Eloise Midgen,1,8,Ilvermorny,19-Oct-19,Uagadou
400 FREE RELAY,5,05:54.5,Ritchie Coote,4,0,Ilvermorny,19-Oct-19,Uagadou
400 FREE RELAY,5,05:54.5,Jack Sloper,4,0,Ilvermorny,19-Oct-19,Uagadou
400 FREE RELAY,5,05:54.5,Victoria Frobisher,4,0,Ilvermorny,19-Oct-19,Uagadou
400 FREE RELAY,5,05:54.5,Geoffrey Hooper,4,0,Ilvermorny,19-Oct-19,Uagadou
200 MEDLEY RELAY,4,02:23.2,Andrew Kirke,2,4,Hogwarts,19-Oct-19,Uagadou
200 MEDLEY RELAY,4,02:23.2,Demelza Robins,2,4,Hogwarts,19-Oct-19,Uagadou
200 MEDLEY RELAY,4,02:23.2,Cormac McLaggen,2,4,Hogwarts,19-Oct-19,Uagadou
200 MEDLEY RELAY,4,02:23.2,Neville Longbottom,2,4,Hogwarts,19-Oct-19,Uagadou
200 FREE,2,03:22.9,Ginny Weasley,5,1,Hogwarts,19-Oct-19,Uagadou
200 FREE,4,02:58.9,Romilda Vane,3,3,Hogwarts,19-Oct-19,Uagadou
200 FREE,6,03:26.7,Natalie McDonald,6,0,Hogwarts,19-Oct-19,Uagadou
200 IM,2,02:35.4,Jimmy Peakes,5,1,Hogwarts,19-Oct-19,Uagadou
200 IM,4,02:55.9,Euan Abercrombie,3,3,Hogwarts,19-Oct-19,Uagadou
200 IM,6,03:35.1,Mary MacDonald,4,2,Hogwarts,19-Oct-19,Uagadou
50 FREE,2,00:50.3,Penelope Clearwater,6,0,Hogwarts,19-Oct-19,Uagadou
50 FREE,4,00:31.3,Roger Davies,1,6,Hogwarts,19-Oct-19,Uagadou
50 FREE,6,00:46.2,Eddie Carmichael,5,1,Hogwarts,19-Oct-19,Uagadou
100 FLY,4,01:15.5,Cho Chang,2,4,Hogwarts,19-Oct-19,Uagadou
100 FREE,2,01:37.2,Marietta Edgecombe,6,0,Hogwarts,19-Oct-19,Uagadou
100 FREE,4,01:32.5,Mandy Brocklehurst,4,2,Hogwarts,19-Oct-19,Uagadou
100 FREE,6,01:32.2,Michael Corner,5,1,Hogwarts,19-Oct-19,Uagadou
500 FREE,2,09:20.3,Stephen Cornfoot,3,3,Hogwarts,19-Oct-19,Uagadou
500 FREE,4,07:09.5,Kevin Entwhistle,2,4,Hogwarts,19-Oct-19,Uagadou
200 FREE RELAY,4,03:02.2,Anthony Goldstein,4,2,Hogwarts,19-Oct-19,Uagadou
200 FREE RELAY,4,03:02.2,Su Li,4,2,Hogwarts,19-Oct-19,Uagadou
200 FREE RELAY,4,03:02.2,Morag McDougal,4,2,Hogwarts,19-Oct-19,Uagadou
200 FREE RELAY,4,03:02.2,Padma Patil,4,2,Hogwarts,19-Oct-19,Uagadou
100 BACK,2,01:26.8,Lisa Turpin,4,2,Hogwarts,19-Oct-19,Uagadou
100 BACK,4,01:23.2,Luna Lovegood,3,3,Hogwarts,19-Oct-19,Uagadou
100  BREAST,4,01:32.4,Orla Quirke,2,6,Hogwarts,19-Oct-19,Uagadou
400 FREE RELAY,2,06:22.4,Stewart Ackerley,5,0,Hogwarts,19-Oct-19,Uagadou
400 FREE RELAY,2,06:22.4,Susan Bones,5,0,Hogwarts,19-Oct-19,Uagadou
400 FREE RELAY,2,06:22.4,Eleanor Branstone,5,0,Hogwarts,19-Oct-19,Uagadou
400 FREE RELAY,2,06:22.4,Owen Cauldwell,5,0,Hogwarts,19-Oct-19,Uagadou
400 FREE RELAY,4,05:11.4,Justin Finch-Fletchley,2,6,Hogwarts,19-Oct-19,Uagadou
400 FREE RELAY,4,05:11.4,Wayne Hopkins,2,6,Hogwarts,19-Oct-19,Uagadou
400 FREE RELAY,4,05:11.4,Megan Jones,2,6,Hogwarts,19-Oct-19,Uagadou
400 FREE RELAY,4,05:11.4,Laura Madley,2,6,Hogwarts,19-Oct-19,Uagadou
200 MEDLEY RELAY,1,02:36.8,Kevin Whitby,5,0,Uagadou,20-Oct-19,Mahoutokoro
200 MEDLEY RELAY,1,02:36.8,Rose Zeller,5,0,Uagadou,20-Oct-19,Mahoutokoro
200 MEDLEY RELAY,1,02:36.8,Terence Higgs,5,0,Uagadou,20-Oct-19,Mahoutokoro
200 MEDLEY RELAY,1,02:36.8,Adrian Pucey,5,0,Uagadou,20-Oct-19,Mahoutokoro
200 MEDLEY RELAY,3,02:09.8,Tracey Davis,1,8,Uagadou,20-Oct-19,Mahoutokoro
200 MEDLEY RELAY,3,02:09.8,Lilian Moon,1,8,Uagadou,20-Oct-19,Mahoutokoro
200 MEDLEY RELAY,3,02:09.8,Daphne Greengrass,1,8,Uagadou,20-Oct-19,Mahoutokoro
200 MEDLEY RELAY,3,02:09.8,Theodore Nott,1,8,Uagadou,20-Oct-19,Mahoutokoro
200 MEDLEY RELAY,5,02:26.8,Astoria Greengrass,2,4,Uagadou,20-Oct-19,Mahoutokoro
200 MEDLEY RELAY,5,02:26.8,Malcolm Baddock,2,4,Uagadou,20-Oct-19,Mahoutokoro
200 MEDLEY RELAY,5,02:26.8,Graham Pritchard,2,4,Uagadou,20-Oct-19,Mahoutokoro
200 MEDLEY RELAY,5,02:26.8,Lucius Malfoy,2,4,Uagadou,20-Oct-19,Mahoutokoro
200 FREE,1,03:04.1,Tom Riddle,4,2,Uagadou,20-Oct-19,Mahoutokoro
200 FREE,3,02:38.8,Percy Weasley,3,3,Uagadou,20-Oct-19,Mahoutokoro
200 FREE,5,02:33.0,Bill Weasley,2,4,Uagadou,20-Oct-19,Mahoutokoro
200 IM,1,03:09.8,Charlie Weasley,5,1,Uagadou,20-Oct-19,Mahoutokoro
200 IM,3,02:42.6,Fred Weasley,1,6,Uagadou,20-Oct-19,Mahoutokoro
200 IM,5,02:57.9,George Weasley,3,3,Uagadou,20-Oct-19,Mahoutokoro
50 FREE,1,00:31.5,Aberforth Dumbledore,3,3,Uagadou,20-Oct-19,Mahoutokoro
50 FREE,3,00:26.6,Albus Dumbledore,1,6,Uagadou,20-Oct-19,Mahoutokoro
50 FREE,5,00:30.5,Rubeus Hagrid,2,4,Uagadou,20-Oct-19,Mahoutokoro
100 FLY,1,01:21.2,Oliver Wood,3,3,Uagadou,20-Oct-19,Mahoutokoro
100 FLY,3,01:14.0,Marcus Flint,2,4,Uagadou,20-Oct-19,Mahoutokoro
100 FLY,5,01:04.6,Cedric Diggory,1,6,Uagadou,20-Oct-19,Mahoutokoro
100 FREE,1,01:16.3,Angelina Johnson,3,3,Uagadou,20-Oct-19,Mahoutokoro
100 FREE,3,01:09.3,Molly Weasley,2,4,Uagadou,20-Oct-19,Mahoutokoro
100 FREE,5,01:21.0,Arthur Weasley,5,1,Uagadou,20-Oct-19,Mahoutokoro
500 FREE,1,07:51.8,James Potter,4,2,Uagadou,20-Oct-19,Mahoutokoro
500 FREE,3,06:07.7,Lily Potter,2,4,Uagadou,20-Oct-19,Mahoutokoro
500 FREE,5,06:01.4,Severus Snape,1,6,Uagadou,20-Oct-19,Mahoutokoro
200 FREE RELAY,1,02:29.0,Olive Hornby,5,0,Uagadou,20-Oct-19,Mahoutokoro
200 FREE RELAY,1,02:29.0,Moaning Myrtle,5,0,Uagadou,20-Oct-19,Mahoutokoro
200 FREE RELAY,1,02:29.0,Bertha Jorkins,5,0,Uagadou,20-Oct-19,Mahoutokoro
200 FREE RELAY,1,02:29.0,Sirius Black,5,0,Uagadou,20-Oct-19,Mahoutokoro
200 FREE RELAY,3,01:59.5,Peter Pettigrew,1,8,Uagadou,20-Oct-19,Mahoutokoro
200 FREE RELAY,3,01:59.5,Minerva McGonagall,1,8,Uagadou,20-Oct-19,Mahoutokoro
200 FREE RELAY,3,01:59.5,Remus Lupin,1,8,Uagadou,20-Oct-19,Mahoutokoro
200 FREE RELAY,3,01:59.5,Lee Jordan,1,8,Uagadou,20-Oct-19,Mahoutokoro
200 FREE RELAY,5,02:08.4,Alicia Spinnet,3,2,Uagadou,20-Oct-19,Mahoutokoro
200 FREE RELAY,5,02:08.4,Patricia Stimpson,3,2,Uagadou,20-Oct-19,Mahoutokoro
200 FREE RELAY,5,02:08.4,Madeline Cyr,3,2,Uagadou,20-Oct-19,Mahoutokoro
200 FREE RELAY,5,02:08.4,Kenneth Towler,3,2,Uagadou,20-Oct-19,Mahoutokoro
100 BACK,1,01:31.5,Filius Flitwick,NA,0,Uagadou,20-Oct-19,Mahoutokoro
100 BACK,3,01:11.3,Nymphadora Tonks,2,4,Uagadou,20-Oct-19,Mahoutokoro
100 BACK,5,01:18.5,Horace Slughorn,NA,0,Uagadou,20-Oct-19,Mahoutokoro
100  BREAST,1,01:33.6,Phineas Nigellus Black,3,3,Uagadou,20-Oct-19,Mahoutokoro
100  BREAST,3,01:12.6,Regulus Black,1,6,Uagadou,20-Oct-19,Mahoutokoro
100  BREAST,5,01:33.3,Bellatrix Lestrange,2,4,Uagadou,20-Oct-19,Mahoutokoro
400 FREE RELAY,1,06:01.9,Narcissa Malfoy,5,0,Uagadou,20-Oct-19,Mahoutokoro
400 FREE RELAY,1,06:01.9,Evan Rosier,5,0,Uagadou,20-Oct-19,Mahoutokoro
400 FREE RELAY,1,06:01.9,Rodolphus Lestrange,5,0,Uagadou,20-Oct-19,Mahoutokoro
400 FREE RELAY,1,06:01.9,Rabastan Lestrange,5,0,Uagadou,20-Oct-19,Mahoutokoro
400 FREE RELAY,3,04:32.2,Miles Bletchley,1,8,Uagadou,20-Oct-19,Mahoutokoro
400 FREE RELAY,3,04:32.2,Harry Potter,1,8,Uagadou,20-Oct-19,Mahoutokoro
400 FREE RELAY,3,04:32.2,Ron Weasley,1,8,Uagadou,20-Oct-19,Mahoutokoro
400 FREE RELAY,3,04:32.2,Hermione Granger,1,8,Uagadou,20-Oct-19,Mahoutokoro
400 FREE RELAY,5,05:10.0,Colin Creevey,2,4,Uagadou,20-Oct-19,Mahoutokoro
400 FREE RELAY,5,05:10.0,Seamus Finnigan,2,4,Uagadou,20-Oct-19,Mahoutokoro
400 FREE RELAY,5,05:10.0,Hannah Abbott,2,4,Uagadou,20-Oct-19,Mahoutokoro
400 FREE RELAY,5,05:10.0,Pansy Parkinson,2,4,Uagadou,20-Oct-19,Mahoutokoro
200 MEDLEY RELAY,2,02:33.3,Zacharias Smith,4,0,Hogwarts,20-Oct-19,Mahoutokoro
200 MEDLEY RELAY,2,02:33.3,Blaise Zabini,4,0,Hogwarts,20-Oct-19,Mahoutokoro
200 MEDLEY RELAY,2,02:33.3,Draco Malfoy,4,0,Hogwarts,20-Oct-19,Mahoutokoro
200 MEDLEY RELAY,2,02:33.3,Dean Thomas,4,0,Hogwarts,20-Oct-19,Mahoutokoro
200 MEDLEY RELAY,4,02:39.7,Millicent Bulstrode,3,2,Hogwarts,20-Oct-19,Mahoutokoro
200 MEDLEY RELAY,4,02:39.7,Terry Boot,3,2,Hogwarts,20-Oct-19,Mahoutokoro
200 MEDLEY RELAY,4,02:39.7,Ernie Macmillan,3,2,Hogwarts,20-Oct-19,Mahoutokoro
200 MEDLEY RELAY,4,02:39.7,Vincent Crabbe,3,2,Hogwarts,20-Oct-19,Mahoutokoro
200 MEDLEY RELAY,6,03:09.4,Gregory Goyle,6,0,Hogwarts,20-Oct-19,Mahoutokoro
200 MEDLEY RELAY,6,03:09.4,Lavender Brown,6,0,Hogwarts,20-Oct-19,Mahoutokoro
200 MEDLEY RELAY,6,03:09.4,Katie Bell,6,0,Hogwarts,20-Oct-19,Mahoutokoro
200 MEDLEY RELAY,6,03:09.4,Parvati Patil,6,0,Hogwarts,20-Oct-19,Mahoutokoro
200 FREE,2,03:11.8,Dennis Creevey,5,1,Hogwarts,20-Oct-19,Mahoutokoro
200 FREE,4,02:32.4,Eloise Midgen,1,6,Hogwarts,20-Oct-19,Mahoutokoro
200 FREE,6,DQ,Ritchie Coote,DQ,DQ,Hogwarts,20-Oct-19,Mahoutokoro
200 IM,2,DQ,Jack Sloper,DQ,DQ,Hogwarts,20-Oct-19,Mahoutokoro
200 IM,4,02:52.1,Victoria Frobisher,2,4,Hogwarts,20-Oct-19,Mahoutokoro
200 IM,6,03:06.6,Geoffrey Hooper,4,2,Hogwarts,20-Oct-19,Mahoutokoro
50 FREE,2,00:35.3,Andrew Kirke,6,0,Hogwarts,20-Oct-19,Mahoutokoro
50 FREE,4,00:32.1,Demelza Robins,4,2,Hogwarts,20-Oct-19,Mahoutokoro
50 FREE,6,00:33.6,Cormac McLaggen,5,1,Hogwarts,20-Oct-19,Mahoutokoro
100 FLY,2,NA,Neville Longbottom,6,0,Hogwarts,20-Oct-19,Mahoutokoro
100 FLY,4,01:45.5,Ginny Weasley,4,2,Hogwarts,20-Oct-19,Mahoutokoro
100 FLY,6,01:50.1,Romilda Vane,5,1,Hogwarts,20-Oct-19,Mahoutokoro
100 FREE,2,01:17.6,Natalie McDonald,4,2,Hogwarts,20-Oct-19,Mahoutokoro
100 FREE,4,01:08.8,Jimmy Peakes,1,6,Hogwarts,20-Oct-19,Mahoutokoro
100 FREE,6,01:25.2,Euan Abercrombie,6,0,Hogwarts,20-Oct-19,Mahoutokoro
500 FREE,2,08:05.1,Mary MacDonald,5,1,Hogwarts,20-Oct-19,Mahoutokoro
500 FREE,4,06:22.5,Penelope Clearwater,3,3,Hogwarts,20-Oct-19,Mahoutokoro
500 FREE,6,10:02.6,Roger Davies,6,0,Hogwarts,20-Oct-19,Mahoutokoro
200 FREE RELAY,2,02:22.9,Eddie Carmichael,4,0,Hogwarts,20-Oct-19,Mahoutokoro
200 FREE RELAY,2,02:22.9,Cho Chang,4,0,Hogwarts,20-Oct-19,Mahoutokoro
200 FREE RELAY,2,02:22.9,Marietta Edgecombe,4,0,Hogwarts,20-Oct-19,Mahoutokoro
200 FREE RELAY,2,02:22.9,Mandy Brocklehurst,4,0,Hogwarts,20-Oct-19,Mahoutokoro
200 FREE RELAY,4,02:07.6,Michael Corner,2,4,Hogwarts,20-Oct-19,Mahoutokoro
200 FREE RELAY,4,02:07.6,Stephen Cornfoot,2,4,Hogwarts,20-Oct-19,Mahoutokoro
200 FREE RELAY,4,02:07.6,Kevin Entwhistle,2,4,Hogwarts,20-Oct-19,Mahoutokoro
200 FREE RELAY,4,02:07.6,Anthony Goldstein,2,4,Hogwarts,20-Oct-19,Mahoutokoro
200 FREE RELAY,6,02:32.0,Su Li,6,0,Hogwarts,20-Oct-19,Mahoutokoro
200 FREE RELAY,6,02:32.0,Morag McDougal,6,0,Hogwarts,20-Oct-19,Mahoutokoro
200 FREE RELAY,6,02:32.0,Padma Patil,6,0,Hogwarts,20-Oct-19,Mahoutokoro
200 FREE RELAY,6,02:32.0,Lisa Turpin,6,0,Hogwarts,20-Oct-19,Mahoutokoro
100 BACK,2,01:44.0,Luna Lovegood,6,3,Hogwarts,20-Oct-19,Mahoutokoro
100 BACK,4,01:20.7,Orla Quirke,4,4,Hogwarts,20-Oct-19,Mahoutokoro
100 BACK,6,01:10.3,Stewart Ackerley,1,6,Hogwarts,20-Oct-19,Mahoutokoro
100  BREAST,2,DQ,Susan Bones,DQ,DQ,Hogwarts,20-Oct-19,Mahoutokoro
100  BREAST,4,01:43.6,Eleanor Branstone,5,4,Hogwarts,20-Oct-19,Mahoutokoro
100  BREAST,6,01:35.8,Owen Cauldwell,4,6,Hogwarts,20-Oct-19,Mahoutokoro
400 FREE RELAY,2,05:58.9,Justin Finch-Fletchley,4,4,Hogwarts,20-Oct-19,Mahoutokoro
400 FREE RELAY,2,05:58.9,Wayne Hopkins,4,4,Hogwarts,20-Oct-19,Mahoutokoro
400 FREE RELAY,2,05:58.9,Megan Jones,4,4,Hogwarts,20-Oct-19,Mahoutokoro
400 FREE RELAY,2,05:58.9,Laura Madley,4,4,Hogwarts,20-Oct-19,Mahoutokoro
400 FREE RELAY,4,05:15.6,Kevin Whitby,3,8,Hogwarts,20-Oct-19,Mahoutokoro
400 FREE RELAY,4,05:15.6,Rose Zeller,3,8,Hogwarts,20-Oct-19,Mahoutokoro
400 FREE RELAY,4,05:15.6,Terence Higgs,3,8,Hogwarts,20-Oct-19,Mahoutokoro
400 FREE RELAY,4,05:15.6,Adrian Pucey,3,8,Hogwarts,20-Oct-19,Mahoutokoro
400 FREE RELAY,6,06:06.7,Tracey Davis,6,0,Hogwarts,20-Oct-19,Mahoutokoro
400 FREE RELAY,6,06:06.7,Lilian Moon,6,0,Hogwarts,20-Oct-19,Mahoutokoro
400 FREE RELAY,6,06:06.7,Daphne Greengrass,6,0,Hogwarts,20-Oct-19,Mahoutokoro
400 FREE RELAY,6,06:06.7,Theodore Nott,6,0,Hogwarts,20-Oct-19,Mahoutokoro
200 MEDLEY RELAY,3,02:21.3,Astoria Greengrass,3,2,Hogwarts,27-Oct-19,Castelobruxo
200 MEDLEY RELAY,3,02:21.3,Malcolm Baddock,3,2,Hogwarts,27-Oct-19,Castelobruxo
200 MEDLEY RELAY,3,02:21.3,Graham Pritchard,3,2,Hogwarts,27-Oct-19,Castelobruxo
200 MEDLEY RELAY,3,02:21.3,Lucius Malfoy,3,2,Hogwarts,27-Oct-19,Castelobruxo
200 FREE,1,03:25.5,Tom Riddle,6,0,Hogwarts,27-Oct-19,Castelobruxo
200 FREE,3,03:05.2,Percy Weasley,4,2,Hogwarts,27-Oct-19,Castelobruxo
200 FREE,5,03:17.8,Bill Weasley,5,1,Hogwarts,27-Oct-19,Castelobruxo
200 IM,1,03:37.4,Charlie Weasley,4,2,Hogwarts,27-Oct-19,Castelobruxo
200 IM,3,02:57.9,Fred Weasley,5,1,Hogwarts,27-Oct-19,Castelobruxo
50 FREE,1,00:54.3,George Weasley,6,0,Hogwarts,27-Oct-19,Castelobruxo
50 FREE,3,00:35.2,Aberforth Dumbledore,5,1,Hogwarts,27-Oct-19,Castelobruxo
50 FREE,5,00:35.5,Albus Dumbledore,4,2,Hogwarts,27-Oct-19,Castelobruxo
100 FLY,3,01:15.1,Rubeus Hagrid,2,4,Hogwarts,27-Oct-19,Castelobruxo
100 FREE,1,01:37.2,Oliver Wood,6,0,Hogwarts,27-Oct-19,Castelobruxo
100 FREE,3,01:31.8,Marcus Flint,5,1,Hogwarts,27-Oct-19,Castelobruxo
100 FREE,5,01:28.9,Cedric Diggory,4,2,Hogwarts,27-Oct-19,Castelobruxo
500 FREE,1,08:52.9,Angelina Johnson,5,1,Hogwarts,27-Oct-19,Castelobruxo
500 FREE,3,08:30.1,Molly Weasley,4,2,Hogwarts,27-Oct-19,Castelobruxo
200 FREE RELAY,1,03:02.4,Arthur Weasley,5,0,Hogwarts,27-Oct-19,Castelobruxo
200 FREE RELAY,1,03:02.4,James Potter,5,0,Hogwarts,27-Oct-19,Castelobruxo
200 FREE RELAY,1,03:02.4,Lily Potter,5,0,Hogwarts,27-Oct-19,Castelobruxo
200 FREE RELAY,1,03:02.4,Severus Snape,5,0,Hogwarts,27-Oct-19,Castelobruxo
200 FREE RELAY,3,02:29.3,Olive Hornby,4,0,Hogwarts,27-Oct-19,Castelobruxo
200 FREE RELAY,3,02:29.3,Moaning Myrtle,4,0,Hogwarts,27-Oct-19,Castelobruxo
200 FREE RELAY,3,02:29.3,Bertha Jorkins,4,0,Hogwarts,27-Oct-19,Castelobruxo
200 FREE RELAY,3,02:29.3,Sirius Black,4,0,Hogwarts,27-Oct-19,Castelobruxo
100 BACK,1,01:32.0,Peter Pettigrew,5,1,Hogwarts,27-Oct-19,Castelobruxo
100 BACK,3,01:29.9,Minerva McGonagall,4,2,Hogwarts,27-Oct-19,Castelobruxo
100  BREAST,1,01:47.8,Remus Lupin,6,3,Hogwarts,27-Oct-19,Castelobruxo
100  BREAST,3,01:24.0,Lee Jordan,2,4,Hogwarts,27-Oct-19,Castelobruxo
100  BREAST,5,01:33.2,Alicia Spinnet,3,3,Hogwarts,27-Oct-19,Castelobruxo
400 FREE RELAY,3,05:02.1,Patricia Stimpson,2,4,Hogwarts,27-Oct-19,Castelobruxo
400 FREE RELAY,3,05:02.1,Madeline Cyr,2,4,Hogwarts,27-Oct-19,Castelobruxo
400 FREE RELAY,3,05:02.1,Kenneth Towler,2,4,Hogwarts,27-Oct-19,Castelobruxo
400 FREE RELAY,3,05:02.1,Filius Flitwick,2,4,Hogwarts,27-Oct-19,Castelobruxo
400 FREE RELAY,5,06:03.8,Nymphadora Tonks,5,0,Hogwarts,27-Oct-19,Castelobruxo
400 FREE RELAY,5,06:03.8,Horace Slughorn,5,0,Hogwarts,27-Oct-19,Castelobruxo
400 FREE RELAY,5,06:03.8,Phineas Nigellus Black,5,0,Hogwarts,27-Oct-19,Castelobruxo
400 FREE RELAY,5,06:03.8,Regulus Black,5,0,Hogwarts,27-Oct-19,Castelobruxo
200 MEDLEY RELAY,2,02:19.7,Bellatrix Lestrange,2,4,Beauxbatons,27-Oct-19,Castelobruxo
200 MEDLEY RELAY,2,02:19.7,Narcissa Malfoy,2,4,Beauxbatons,27-Oct-19,Castelobruxo
200 MEDLEY RELAY,2,02:19.7,Evan Rosier,2,4,Beauxbatons,27-Oct-19,Castelobruxo
200 MEDLEY RELAY,2,02:19.7,Rodolphus Lestrange,2,4,Beauxbatons,27-Oct-19,Castelobruxo
200 MEDLEY RELAY,4,02:07.7,Rabastan Lestrange,1,8,Beauxbatons,27-Oct-19,Castelobruxo
200 MEDLEY RELAY,4,02:07.7,Miles Bletchley,1,8,Beauxbatons,27-Oct-19,Castelobruxo
200 MEDLEY RELAY,4,02:07.7,Harry Potter,1,8,Beauxbatons,27-Oct-19,Castelobruxo
200 MEDLEY RELAY,4,02:07.7,Ron Weasley,1,8,Beauxbatons,27-Oct-19,Castelobruxo
200 MEDLEY RELAY,6,02:31.1,Hermione Granger,4,0,Beauxbatons,27-Oct-19,Castelobruxo
200 MEDLEY RELAY,6,02:31.1,Colin Creevey,4,0,Beauxbatons,27-Oct-19,Castelobruxo
200 MEDLEY RELAY,6,02:31.1,Seamus Finnigan,4,0,Beauxbatons,27-Oct-19,Castelobruxo
200 MEDLEY RELAY,6,02:31.1,Hannah Abbott,4,0,Beauxbatons,27-Oct-19,Castelobruxo
200 FREE,2,02:40.6,Pansy Parkinson,2,4,Beauxbatons,27-Oct-19,Castelobruxo
200 FREE,4,02:40.0,Zacharias Smith,1,6,Beauxbatons,27-Oct-19,Castelobruxo
200 FREE,6,02:43.3,Blaise Zabini,3,3,Beauxbatons,27-Oct-19,Castelobruxo
200 IM,2,02:41.9,Draco Malfoy,1,6,Beauxbatons,27-Oct-19,Castelobruxo
200 IM,4,02:35.7,Dean Thomas,3,3,Beauxbatons,27-Oct-19,Castelobruxo
200 IM,6,02:40.7,Millicent Bulstrode,2,4,Beauxbatons,27-Oct-19,Castelobruxo
50 FREE,2,00:30.3,Terry Boot,3,3,Beauxbatons,27-Oct-19,Castelobruxo
50 FREE,4,00:27.4,Ernie Macmillan,1,6,Beauxbatons,27-Oct-19,Castelobruxo
50 FREE,6,00:29.3,Vincent Crabbe,2,4,Beauxbatons,27-Oct-19,Castelobruxo
100 FLY,4,01:09.1,Gregory Goyle,1,6,Beauxbatons,27-Oct-19,Castelobruxo
100 FLY,6,01:03.9,Lavender Brown,3,3,Beauxbatons,27-Oct-19,Castelobruxo
100 FREE,2,01:05.8,Katie Bell,2,4,Beauxbatons,27-Oct-19,Castelobruxo
100 FREE,4,01:01.2,Parvati Patil,1,6,Beauxbatons,27-Oct-19,Castelobruxo
100 FREE,6,01:10.0,Dennis Creevey,3,3,Beauxbatons,27-Oct-19,Castelobruxo
500 FREE,2,07:14.3,Eloise Midgen,2,4,Beauxbatons,27-Oct-19,Castelobruxo
500 FREE,4,06:54.7,Ritchie Coote,1,6,Beauxbatons,27-Oct-19,Castelobruxo
500 FREE,6,07:31.7,Jack Sloper,3,3,Beauxbatons,27-Oct-19,Castelobruxo
200 FREE RELAY,2,02:02.4,Victoria Frobisher,2,4,Beauxbatons,27-Oct-19,Castelobruxo
200 FREE RELAY,2,02:02.4,Geoffrey Hooper,2,4,Beauxbatons,27-Oct-19,Castelobruxo
200 FREE RELAY,2,02:02.4,Andrew Kirke,2,4,Beauxbatons,27-Oct-19,Castelobruxo
200 FREE RELAY,2,02:02.4,Demelza Robins,2,4,Beauxbatons,27-Oct-19,Castelobruxo
200 FREE RELAY,4,02:01.9,Cormac McLaggen,1,8,Beauxbatons,27-Oct-19,Castelobruxo
200 FREE RELAY,4,02:01.9,Neville Longbottom,1,8,Beauxbatons,27-Oct-19,Castelobruxo
200 FREE RELAY,4,02:01.9,Ginny Weasley,1,8,Beauxbatons,27-Oct-19,Castelobruxo
200 FREE RELAY,4,02:01.9,Romilda Vane,1,8,Beauxbatons,27-Oct-19,Castelobruxo
200 FREE RELAY,6,02:28.7,Natalie McDonald,3,2,Beauxbatons,27-Oct-19,Castelobruxo
200 FREE RELAY,6,02:28.7,Jimmy Peakes,3,2,Beauxbatons,27-Oct-19,Castelobruxo
200 FREE RELAY,6,02:28.7,Euan Abercrombie,3,2,Beauxbatons,27-Oct-19,Castelobruxo
200 FREE RELAY,6,02:28.7,Mary MacDonald,3,2,Beauxbatons,27-Oct-19,Castelobruxo
100 BACK,2,01:18.2,Penelope Clearwater,2,4,Beauxbatons,27-Oct-19,Castelobruxo
100 BACK,4,01:13.8,Roger Davies,1,6,Beauxbatons,27-Oct-19,Castelobruxo
100 BACK,6,01:20.5,Eddie Carmichael,3,3,Beauxbatons,27-Oct-19,Castelobruxo
100  BREAST,2,01:33.6,Cho Chang,4,2,Beauxbatons,27-Oct-19,Castelobruxo
100  BREAST,4,01:19.6,Marietta Edgecombe,1,6,Beauxbatons,27-Oct-19,Castelobruxo
100  BREAST,6,01:34.7,Mandy Brocklehurst,5,1,Beauxbatons,27-Oct-19,Castelobruxo
400 FREE RELAY,2,05:02.1,Michael Corner,3,2,Beauxbatons,27-Oct-19,Castelobruxo
400 FREE RELAY,2,05:02.1,Stephen Cornfoot,3,2,Beauxbatons,27-Oct-19,Castelobruxo
400 FREE RELAY,2,05:02.1,Kevin Entwhistle,3,2,Beauxbatons,27-Oct-19,Castelobruxo
400 FREE RELAY,2,05:02.1,Anthony Goldstein,3,2,Beauxbatons,27-Oct-19,Castelobruxo
400 FREE RELAY,4,04:32.0,Su Li,1,8,Beauxbatons,27-Oct-19,Castelobruxo
400 FREE RELAY,4,04:32.0,Morag McDougal,1,8,Beauxbatons,27-Oct-19,Castelobruxo
400 FREE RELAY,4,04:32.0,Padma Patil,1,8,Beauxbatons,27-Oct-19,Castelobruxo
400 FREE RELAY,4,04:32.0,Lisa Turpin,1,8,Beauxbatons,27-Oct-19,Castelobruxo
400 FREE RELAY,6,05:46.7,Luna Lovegood,4,0,Beauxbatons,27-Oct-19,Castelobruxo
400 FREE RELAY,6,05:46.7,Orla Quirke,4,0,Beauxbatons,27-Oct-19,Castelobruxo
400 FREE RELAY,6,05:46.7,Stewart Ackerley,4,0,Beauxbatons,27-Oct-19,Castelobruxo
400 FREE RELAY,6,05:46.7,Susan Bones,4,0,Beauxbatons,27-Oct-19,Castelobruxo
200 MEDLEY RELAY,1,02:17.3,Eleanor Branstone,1,8,Castelobruxo,19-Oct-19,Durmstrang
200 MEDLEY RELAY,1,02:17.3,Owen Cauldwell,1,8,Castelobruxo,19-Oct-19,Durmstrang
200 MEDLEY RELAY,1,02:17.3,Justin Finch-Fletchley,1,8,Castelobruxo,19-Oct-19,Durmstrang
200 MEDLEY RELAY,1,02:17.3,Wayne Hopkins,1,8,Castelobruxo,19-Oct-19,Durmstrang
200 MEDLEY RELAY,3,02:18.2,Megan Jones,2,4,Castelobruxo,19-Oct-19,Durmstrang
200 MEDLEY RELAY,3,02:18.2,Laura Madley,2,4,Castelobruxo,19-Oct-19,Durmstrang
200 MEDLEY RELAY,3,02:18.2,Kevin Whitby,2,4,Castelobruxo,19-Oct-19,Durmstrang
200 MEDLEY RELAY,3,02:18.2,Rose Zeller,2,4,Castelobruxo,19-Oct-19,Durmstrang
200 MEDLEY RELAY,5,02:50.0,Terence Higgs,4,0,Castelobruxo,19-Oct-19,Durmstrang
200 MEDLEY RELAY,5,02:50.0,Adrian Pucey,4,0,Castelobruxo,19-Oct-19,Durmstrang
200 MEDLEY RELAY,5,02:50.0,Tracey Davis,4,0,Castelobruxo,19-Oct-19,Durmstrang
200 MEDLEY RELAY,5,02:50.0,Lilian Moon,4,0,Castelobruxo,19-Oct-19,Durmstrang
200 FREE,1,02:22.9,Daphne Greengrass,1,6,Castelobruxo,19-Oct-19,Durmstrang
200 FREE,3,02:26.2,Theodore Nott,2,4,Castelobruxo,19-Oct-19,Durmstrang
200 FREE,5,03:12.6,Astoria Greengrass,3,3,Castelobruxo,19-Oct-19,Durmstrang
200 IM,1,02:36.9,Malcolm Baddock,2,4,Castelobruxo,19-Oct-19,Durmstrang
200 IM,3,02:22.9,Graham Pritchard,1,6,Castelobruxo,19-Oct-19,Durmstrang
200 IM,5,03:37.5,Lucius Malfoy,3,3,Castelobruxo,19-Oct-19,Durmstrang
50 FREE,1,00:28.3,Tom Riddle,1,6,Castelobruxo,19-Oct-19,Durmstrang
50 FREE,3,00:29.6,Percy Weasley,2,4,Castelobruxo,19-Oct-19,Durmstrang
50 FREE,5,00:31.9,Bill Weasley,2,4,Castelobruxo,19-Oct-19,Durmstrang
100 FLY,1,01:13.9,Charlie Weasley,1,6,Castelobruxo,19-Oct-19,Durmstrang
100 FLY,3,01:15.8,Fred Weasley,2,4,Castelobruxo,19-Oct-19,Durmstrang
100 FLY,5,01:38.5,George Weasley,4,2,Castelobruxo,19-Oct-19,Durmstrang
100 FREE,1,01:37.2,Aberforth Dumbledore,6,0,Castelobruxo,19-Oct-19,Durmstrang
100 FREE,3,01:03.3,Albus Dumbledore,1,6,Castelobruxo,19-Oct-19,Durmstrang
100 FREE,5,01:03.3,Rubeus Hagrid,2,4,Castelobruxo,19-Oct-19,Durmstrang
500 FREE,1,08:00.7,Oliver Wood,2,4,Castelobruxo,19-Oct-19,Durmstrang
500 FREE,3,06:22.5,Marcus Flint,1,6,Castelobruxo,19-Oct-19,Durmstrang
500 FREE,5,08:46.3,Cedric Diggory,3,3,Castelobruxo,19-Oct-19,Durmstrang
200 FREE RELAY,1,02:45.8,Angelina Johnson,3,2,Castelobruxo,19-Oct-19,Durmstrang
200 FREE RELAY,1,02:45.8,Molly Weasley,3,2,Castelobruxo,19-Oct-19,Durmstrang
200 FREE RELAY,1,02:45.8,Arthur Weasley,3,2,Castelobruxo,19-Oct-19,Durmstrang
200 FREE RELAY,1,02:45.8,James Potter,3,2,Castelobruxo,19-Oct-19,Durmstrang
200 FREE RELAY,3,01:56.0,Lily Potter,1,8,Castelobruxo,19-Oct-19,Durmstrang
200 FREE RELAY,3,01:56.0,Severus Snape,1,8,Castelobruxo,19-Oct-19,Durmstrang
200 FREE RELAY,3,01:56.0,Olive Hornby,1,8,Castelobruxo,19-Oct-19,Durmstrang
200 FREE RELAY,3,01:56.0,Moaning Myrtle,1,8,Castelobruxo,19-Oct-19,Durmstrang
200 FREE RELAY,5,02:53.1,Bertha Jorkins,5,0,Castelobruxo,19-Oct-19,Durmstrang
200 FREE RELAY,5,02:53.1,Sirius Black,5,0,Castelobruxo,19-Oct-19,Durmstrang
200 FREE RELAY,5,02:53.1,Peter Pettigrew,5,0,Castelobruxo,19-Oct-19,Durmstrang
200 FREE RELAY,5,02:53.1,Minerva McGonagall,5,0,Castelobruxo,19-Oct-19,Durmstrang
100 BACK,1,01:13.1,Remus Lupin,1,6,Castelobruxo,19-Oct-19,Durmstrang
100 BACK,3,01:19.3,Lee Jordan,2,4,Castelobruxo,19-Oct-19,Durmstrang
100 BACK,5,DQ,Alicia Spinnet,DQ,DQ,Castelobruxo,19-Oct-19,Durmstrang
100  BREAST,1,01:43.1,Patricia Stimpson,4,2,Castelobruxo,19-Oct-19,Durmstrang
100  BREAST,3,01:37.5,Madeline Cyr,3,3,Castelobruxo,19-Oct-19,Durmstrang
100  BREAST,5,01:33.6,Kenneth Towler,2,4,Castelobruxo,19-Oct-19,Durmstrang
400 FREE RELAY,1,05:27.2,Filius Flitwick,2,4,Castelobruxo,19-Oct-19,Durmstrang
400 FREE RELAY,1,05:27.2,Nymphadora Tonks,2,4,Castelobruxo,19-Oct-19,Durmstrang
400 FREE RELAY,1,05:27.2,Horace Slughorn,2,4,Castelobruxo,19-Oct-19,Durmstrang
400 FREE RELAY,1,05:27.2,Phineas Nigellus Black,2,4,Castelobruxo,19-Oct-19,Durmstrang
400 FREE RELAY,3,04:43.5,Regulus Black,1,8,Castelobruxo,19-Oct-19,Durmstrang
400 FREE RELAY,3,04:43.5,Bellatrix Lestrange,1,8,Castelobruxo,19-Oct-19,Durmstrang
400 FREE RELAY,3,04:43.5,Narcissa Malfoy,1,8,Castelobruxo,19-Oct-19,Durmstrang
400 FREE RELAY,3,04:43.5,Evan Rosier,1,8,Castelobruxo,19-Oct-19,Durmstrang
400 FREE RELAY,5,DQ,Rodolphus Lestrange,DQ,DQ,Castelobruxo,19-Oct-19,Durmstrang
400 FREE RELAY,5,DQ,Rabastan Lestrange,DQ,DQ,Castelobruxo,19-Oct-19,Durmstrang
400 FREE RELAY,5,DQ,Miles Bletchley,DQ,DQ,Castelobruxo,19-Oct-19,Durmstrang
400 FREE RELAY,5,DQ,Harry Potter,DQ,DQ,Castelobruxo,19-Oct-19,Durmstrang
200 MEDLEY RELAY,4,02:39.1,Ron Weasley,3,2,Ilvermorny,19-Oct-19,Durmstrang
200 MEDLEY RELAY,4,02:39.1,Hermione Granger,3,2,Ilvermorny,19-Oct-19,Durmstrang
200 MEDLEY RELAY,4,02:39.1,Colin Creevey,3,2,Ilvermorny,19-Oct-19,Durmstrang
200 MEDLEY RELAY,4,02:39.1,Seamus Finnigan,3,2,Ilvermorny,19-Oct-19,Durmstrang
50 FREE,2,00:31.1,Hannah Abbott,3,3,Ilvermorny,19-Oct-19,Durmstrang
50 FREE,4,00:32.3,Pansy Parkinson,5,1,Ilvermorny,19-Oct-19,Durmstrang
50 FREE,6,00:37.3,Zacharias Smith,6,0,Ilvermorny,19-Oct-19,Durmstrang
100 FLY,4,01:21.8,Blaise Zabini,3,3,Ilvermorny,19-Oct-19,Durmstrang
100 FREE,2,01:23.4,Draco Malfoy,4,2,Ilvermorny,19-Oct-19,Durmstrang
100 FREE,4,01:26.4,Dean Thomas,5,1,Ilvermorny,19-Oct-19,Durmstrang
100 FREE,6,01:08.6,Millicent Bulstrode,3,3,Ilvermorny,19-Oct-19,Durmstrang
200 FREE RELAY,2,02:46.2,Terry Boot,4,0,Ilvermorny,19-Oct-19,Durmstrang
200 FREE RELAY,2,02:46.2,Ernie Macmillan,4,0,Ilvermorny,19-Oct-19,Durmstrang
200 FREE RELAY,2,02:46.2,Vincent Crabbe,4,0,Ilvermorny,19-Oct-19,Durmstrang
200 FREE RELAY,2,02:46.2,Gregory Goyle,4,0,Ilvermorny,19-Oct-19,Durmstrang
200 FREE RELAY,4,02:16.1,Lavender Brown,2,4,Ilvermorny,19-Oct-19,Durmstrang
200 FREE RELAY,4,02:16.1,Katie Bell,2,4,Ilvermorny,19-Oct-19,Durmstrang
200 FREE RELAY,4,02:16.1,Parvati Patil,2,4,Ilvermorny,19-Oct-19,Durmstrang
200 FREE RELAY,4,02:16.1,Dennis Creevey,2,4,Ilvermorny,19-Oct-19,Durmstrang
100 BACK,4,01:30.3,Eloise Midgen,4,2,Ilvermorny,19-Oct-19,Durmstrang
100 BACK,6,01:23.3,Ritchie Coote,3,3,Ilvermorny,19-Oct-19,Durmstrang
100  BREAST,2,01:48.8,Jack Sloper,5,4,Ilvermorny,19-Oct-19,Durmstrang
100  BREAST,4,01:29.6,Victoria Frobisher,1,6,Ilvermorny,19-Oct-19,Durmstrang
100  BREAST,6,01:53.1,Geoffrey Hooper,6,3,Ilvermorny,19-Oct-19,Durmstrang
400 FREE RELAY,4,05:29.8,Andrew Kirke,3,2,Ilvermorny,19-Oct-19,Durmstrang
400 FREE RELAY,4,05:29.8,Demelza Robins,3,2,Ilvermorny,19-Oct-19,Durmstrang
400 FREE RELAY,4,05:29.8,Cormac McLaggen,3,2,Ilvermorny,19-Oct-19,Durmstrang
400 FREE RELAY,4,05:29.8,Neville Longbottom,3,2,Ilvermorny,19-Oct-19,Durmstrang
200 MEDLEY RELAY,1,02:13.9,Ginny Weasley,3,2,Castelobruxo,20-Oct-19,Beauxbatons
200 MEDLEY RELAY,1,02:13.9,Romilda Vane,3,2,Castelobruxo,20-Oct-19,Beauxbatons
200 MEDLEY RELAY,1,02:13.9,Natalie McDonald,3,2,Castelobruxo,20-Oct-19,Beauxbatons
200 MEDLEY RELAY,1,02:13.9,Jimmy Peakes,3,2,Castelobruxo,20-Oct-19,Beauxbatons
200 MEDLEY RELAY,3,01:56.0,Euan Abercrombie,1,8,Castelobruxo,20-Oct-19,Beauxbatons
200 MEDLEY RELAY,3,01:56.0,Mary MacDonald,1,8,Castelobruxo,20-Oct-19,Beauxbatons
200 MEDLEY RELAY,3,01:56.0,Penelope Clearwater,1,8,Castelobruxo,20-Oct-19,Beauxbatons
200 MEDLEY RELAY,3,01:56.0,Roger Davies,1,8,Castelobruxo,20-Oct-19,Beauxbatons
200 MEDLEY RELAY,5,02:18.7,Eddie Carmichael,4,0,Castelobruxo,20-Oct-19,Beauxbatons
200 MEDLEY RELAY,5,02:18.7,Cho Chang,4,0,Castelobruxo,20-Oct-19,Beauxbatons
200 MEDLEY RELAY,5,02:18.7,Marietta Edgecombe,4,0,Castelobruxo,20-Oct-19,Beauxbatons
200 MEDLEY RELAY,5,02:18.7,Mandy Brocklehurst,4,0,Castelobruxo,20-Oct-19,Beauxbatons
200 FREE,1,02:24.2,Michael Corner,4,2,Castelobruxo,20-Oct-19,Beauxbatons
200 FREE,3,02:02.0,Stephen Cornfoot,1,6,Castelobruxo,20-Oct-19,Beauxbatons
200 FREE,5,02:14.5,Kevin Entwhistle,3,3,Castelobruxo,20-Oct-19,Beauxbatons
200 IM,1,02:36.4,Anthony Goldstein,4,2,Castelobruxo,20-Oct-19,Beauxbatons
200 IM,3,02:20.4,Su Li,1,6,Castelobruxo,20-Oct-19,Beauxbatons
200 IM,5,02:35.8,Morag McDougal,3,3,Castelobruxo,20-Oct-19,Beauxbatons
50 FREE,1,00:27.4,Padma Patil,2,4,Castelobruxo,20-Oct-19,Beauxbatons
50 FREE,3,00:27.1,Lisa Turpin,1,6,Castelobruxo,20-Oct-19,Beauxbatons
50 FREE,5,00:30.6,Luna Lovegood,5,1,Castelobruxo,20-Oct-19,Beauxbatons
100 FLY,1,01:10.7,Orla Quirke,3,3,Castelobruxo,20-Oct-19,Beauxbatons
100 FLY,3,01:13.9,Stewart Ackerley,5,1,Castelobruxo,20-Oct-19,Beauxbatons
100 FLY,5,01:12.8,Susan Bones,4,2,Castelobruxo,20-Oct-19,Beauxbatons
100 FREE,1,01:08.8,Eleanor Branstone,5,1,Castelobruxo,20-Oct-19,Beauxbatons
100 FREE,3,00:58.6,Owen Cauldwell,1,6,Castelobruxo,20-Oct-19,Beauxbatons
100 FREE,5,01:03.0,Justin Finch-Fletchley,4,2,Castelobruxo,20-Oct-19,Beauxbatons
500 FREE,1,06:26.9,Wayne Hopkins,4,2,Castelobruxo,20-Oct-19,Beauxbatons
500 FREE,3,05:29.6,Megan Jones,1,6,Castelobruxo,20-Oct-19,Beauxbatons
500 FREE,5,06:00.0,Laura Madley,3,3,Castelobruxo,20-Oct-19,Beauxbatons
200 FREE RELAY,1,02:22.6,Kevin Whitby,6,0,Castelobruxo,20-Oct-19,Beauxbatons
200 FREE RELAY,1,02:22.6,Rose Zeller,6,0,Castelobruxo,20-Oct-19,Beauxbatons
200 FREE RELAY,1,02:22.6,Terence Higgs,6,0,Castelobruxo,20-Oct-19,Beauxbatons
200 FREE RELAY,1,02:22.6,Adrian Pucey,6,0,Castelobruxo,20-Oct-19,Beauxbatons
200 FREE RELAY,3,01:47.0,Tracey Davis,1,8,Castelobruxo,20-Oct-19,Beauxbatons
200 FREE RELAY,3,01:47.0,Lilian Moon,1,8,Castelobruxo,20-Oct-19,Beauxbatons
200 FREE RELAY,3,01:47.0,Daphne Greengrass,1,8,Castelobruxo,20-Oct-19,Beauxbatons
200 FREE RELAY,3,01:47.0,Theodore Nott,1,8,Castelobruxo,20-Oct-19,Beauxbatons
200 FREE RELAY,5,01:59.4,Astoria Greengrass,3,2,Castelobruxo,20-Oct-19,Beauxbatons
200 FREE RELAY,5,01:59.4,Malcolm Baddock,3,2,Castelobruxo,20-Oct-19,Beauxbatons
200 FREE RELAY,5,01:59.4,Graham Pritchard,3,2,Castelobruxo,20-Oct-19,Beauxbatons
200 FREE RELAY,5,01:59.4,Lucius Malfoy,3,2,Castelobruxo,20-Oct-19,Beauxbatons
100 BACK,1,01:12.0,Tom Riddle,4,2,Castelobruxo,20-Oct-19,Beauxbatons
100 BACK,3,01:01.4,Percy Weasley,1,6,Castelobruxo,20-Oct-19,Beauxbatons
100 BACK,5,01:25.7,Bill Weasley,6,0,Castelobruxo,20-Oct-19,Beauxbatons
100  BREAST,1,01:24.3,Charlie Weasley,3,3,Castelobruxo,20-Oct-19,Beauxbatons
100  BREAST,3,01:19.5,Fred Weasley,2,4,Castelobruxo,20-Oct-19,Beauxbatons
100  BREAST,5,01:32.9,George Weasley,5,0,Castelobruxo,20-Oct-19,Beauxbatons
400 FREE RELAY,1,05:43.2,Aberforth Dumbledore,6,0,Castelobruxo,20-Oct-19,Beauxbatons
400 FREE RELAY,1,05:43.2,Albus Dumbledore,6,0,Castelobruxo,20-Oct-19,Beauxbatons
400 FREE RELAY,1,05:43.2,Rubeus Hagrid,6,0,Castelobruxo,20-Oct-19,Beauxbatons
400 FREE RELAY,1,05:43.2,Oliver Wood,6,0,Castelobruxo,20-Oct-19,Beauxbatons
400 FREE RELAY,3,04:30.7,Marcus Flint,2,4,Castelobruxo,20-Oct-19,Beauxbatons
400 FREE RELAY,3,04:30.7,Cedric Diggory,2,4,Castelobruxo,20-Oct-19,Beauxbatons
400 FREE RELAY,3,04:30.7,Angelina Johnson,2,4,Castelobruxo,20-Oct-19,Beauxbatons
400 FREE RELAY,3,04:30.7,Molly Weasley,2,4,Castelobruxo,20-Oct-19,Beauxbatons
400 FREE RELAY,5,04:27.9,Arthur Weasley,1,6,Castelobruxo,20-Oct-19,Beauxbatons
400 FREE RELAY,5,04:27.9,James Potter,1,6,Castelobruxo,20-Oct-19,Beauxbatons
400 FREE RELAY,5,04:27.9,Lily Potter,1,6,Castelobruxo,20-Oct-19,Beauxbatons
400 FREE RELAY,5,04:27.9,Severus Snape,1,6,Castelobruxo,20-Oct-19,Beauxbatons
200 MEDLEY RELAY,2,02:46.7,Olive Hornby,6,0,Durmstrang,20-Oct-19,Beauxbatons
200 MEDLEY RELAY,2,02:46.7,Moaning Myrtle,6,0,Durmstrang,20-Oct-19,Beauxbatons
200 MEDLEY RELAY,2,02:46.7,Bertha Jorkins,6,0,Durmstrang,20-Oct-19,Beauxbatons
200 MEDLEY RELAY,2,02:46.7,Sirius Black,6,0,Durmstrang,20-Oct-19,Beauxbatons
200 MEDLEY RELAY,4,01:58.0,Peter Pettigrew,2,4,Durmstrang,20-Oct-19,Beauxbatons
200 MEDLEY RELAY,4,01:58.0,Minerva McGonagall,2,4,Durmstrang,20-Oct-19,Beauxbatons
200 MEDLEY RELAY,4,01:58.0,Remus Lupin,2,4,Durmstrang,20-Oct-19,Beauxbatons
200 MEDLEY RELAY,4,01:58.0,Lee Jordan,2,4,Durmstrang,20-Oct-19,Beauxbatons
200 MEDLEY RELAY,6,02:25.8,Alicia Spinnet,5,0,Durmstrang,20-Oct-19,Beauxbatons
200 MEDLEY RELAY,6,02:25.8,Patricia Stimpson,5,0,Durmstrang,20-Oct-19,Beauxbatons
200 MEDLEY RELAY,6,02:25.8,Madeline Cyr,5,0,Durmstrang,20-Oct-19,Beauxbatons
200 MEDLEY RELAY,6,02:25.8,Kenneth Towler,5,0,Durmstrang,20-Oct-19,Beauxbatons
200 FREE,2,03:09.2,Filius Flitwick,6,0,Durmstrang,20-Oct-19,Beauxbatons
200 FREE,4,02:06.3,Nymphadora Tonks,2,4,Durmstrang,20-Oct-19,Beauxbatons
200 FREE,6,02:44.4,Horace Slughorn,5,1,Durmstrang,20-Oct-19,Beauxbatons
200 IM,2,03:29.8,Phineas Nigellus Black,6,0,Durmstrang,20-Oct-19,Beauxbatons
200 IM,4,02:28.0,Regulus Black,2,4,Durmstrang,20-Oct-19,Beauxbatons
200 IM,6,02:58.5,Bellatrix Lestrange,5,1,Durmstrang,20-Oct-19,Beauxbatons
50 FREE,2,00:28.5,Narcissa Malfoy,4,2,Durmstrang,20-Oct-19,Beauxbatons
50 FREE,4,00:28.1,Evan Rosier,3,3,Durmstrang,20-Oct-19,Beauxbatons
50 FREE,6,00:32.3,Rodolphus Lestrange,6,0,Durmstrang,20-Oct-19,Beauxbatons
100 FLY,2,01:23.7,Rabastan Lestrange,6,0,Durmstrang,20-Oct-19,Beauxbatons
100 FLY,4,01:03.8,Miles Bletchley,1,6,Durmstrang,20-Oct-19,Beauxbatons
100 FLY,6,01:09.6,Harry Potter,2,4,Durmstrang,20-Oct-19,Beauxbatons
100 FREE,2,01:10.6,Ron Weasley,6,0,Durmstrang,20-Oct-19,Beauxbatons
100 FREE,4,00:59.4,Hermione Granger,2,4,Durmstrang,20-Oct-19,Beauxbatons
100 FREE,6,01:02.8,Colin Creevey,3,3,Durmstrang,20-Oct-19,Beauxbatons
500 FREE,2,09:13.3,Seamus Finnigan,6,0,Durmstrang,20-Oct-19,Beauxbatons
500 FREE,4,05:34.9,Hannah Abbott,2,4,Durmstrang,20-Oct-19,Beauxbatons
500 FREE,6,08:08.0,Pansy Parkinson,5,1,Durmstrang,20-Oct-19,Beauxbatons
200 FREE RELAY,2,02:21.2,Zacharias Smith,5,0,Durmstrang,20-Oct-19,Beauxbatons
200 FREE RELAY,2,02:21.2,Blaise Zabini,5,0,Durmstrang,20-Oct-19,Beauxbatons
200 FREE RELAY,2,02:21.2,Draco Malfoy,5,0,Durmstrang,20-Oct-19,Beauxbatons
200 FREE RELAY,2,02:21.2,Dean Thomas,5,0,Durmstrang,20-Oct-19,Beauxbatons
200 FREE RELAY,4,01:52.4,Millicent Bulstrode,2,4,Durmstrang,20-Oct-19,Beauxbatons
200 FREE RELAY,4,01:52.4,Terry Boot,2,4,Durmstrang,20-Oct-19,Beauxbatons
200 FREE RELAY,4,01:52.4,Ernie Macmillan,2,4,Durmstrang,20-Oct-19,Beauxbatons
200 FREE RELAY,4,01:52.4,Vincent Crabbe,2,4,Durmstrang,20-Oct-19,Beauxbatons
200 FREE RELAY,6,02:12.2,Gregory Goyle,4,0,Durmstrang,20-Oct-19,Beauxbatons
200 FREE RELAY,6,02:12.2,Lavender Brown,4,0,Durmstrang,20-Oct-19,Beauxbatons
200 FREE RELAY,6,02:12.2,Katie Bell,4,0,Durmstrang,20-Oct-19,Beauxbatons
200 FREE RELAY,6,02:12.2,Parvati Patil,4,0,Durmstrang,20-Oct-19,Beauxbatons
100 BACK,2,01:12.7,Dennis Creevey,5,1,Durmstrang,20-Oct-19,Beauxbatons
100 BACK,4,01:06.5,Eloise Midgen,3,3,Durmstrang,20-Oct-19,Beauxbatons
100 BACK,6,01:04.9,Ritchie Coote,2,4,Durmstrang,20-Oct-19,Beauxbatons
100  BREAST,2,01:28.2,Jack Sloper,4,4,Durmstrang,20-Oct-19,Beauxbatons
100  BREAST,4,01:15.9,Victoria Frobisher,1,6,Durmstrang,20-Oct-19,Beauxbatons
100  BREAST,6,01:40.0,Geoffrey Hooper,6,3,Durmstrang,20-Oct-19,Beauxbatons
400 FREE RELAY,2,05:37.0,Andrew Kirke,5,0,Durmstrang,20-Oct-19,Beauxbatons
400 FREE RELAY,2,05:37.0,Demelza Robins,5,0,Durmstrang,20-Oct-19,Beauxbatons
400 FREE RELAY,2,05:37.0,Cormac McLaggen,5,0,Durmstrang,20-Oct-19,Beauxbatons
400 FREE RELAY,2,05:37.0,Neville Longbottom,5,0,Durmstrang,20-Oct-19,Beauxbatons
400 FREE RELAY,4,05:16.7,Ginny Weasley,4,2,Durmstrang,20-Oct-19,Beauxbatons
400 FREE RELAY,4,05:16.7,Romilda Vane,4,2,Durmstrang,20-Oct-19,Beauxbatons
400 FREE RELAY,4,05:16.7,Natalie McDonald,4,2,Durmstrang,20-Oct-19,Beauxbatons
400 FREE RELAY,4,05:16.7,Jimmy Peakes,4,2,Durmstrang,20-Oct-19,Beauxbatons
400 FREE RELAY,6,04:56.2,Euan Abercrombie,3,3,Durmstrang,20-Oct-19,Beauxbatons
400 FREE RELAY,6,04:56.2,Mary MacDonald,3,3,Durmstrang,20-Oct-19,Beauxbatons
400 FREE RELAY,6,04:56.2,Penelope Clearwater,3,3,Durmstrang,20-Oct-19,Beauxbatons
400 FREE RELAY,6,04:56.2,Roger Davies,3,3,Durmstrang,20-Oct-19,Beauxbatons
200 MEDLEY RELAY,3,02:21.6,Eddie Carmichael,1,8,Ilvermorny,27-Oct-19,Ilvermorny
200 MEDLEY RELAY,3,02:21.6,Cho Chang,1,8,Ilvermorny,27-Oct-19,Ilvermorny
200 MEDLEY RELAY,3,02:21.6,Marietta Edgecombe,1,8,Ilvermorny,27-Oct-19,Ilvermorny
200 MEDLEY RELAY,3,02:21.6,Mandy Brocklehurst,1,8,Ilvermorny,27-Oct-19,Ilvermorny
200 MEDLEY RELAY,5,02:40.5,Michael Corner,3,2,Ilvermorny,27-Oct-19,Ilvermorny
200 MEDLEY RELAY,5,02:40.5,Stephen Cornfoot,3,2,Ilvermorny,27-Oct-19,Ilvermorny
200 MEDLEY RELAY,5,02:40.5,Kevin Entwhistle,3,2,Ilvermorny,27-Oct-19,Ilvermorny
200 MEDLEY RELAY,5,02:40.5,Anthony Goldstein,3,2,Ilvermorny,27-Oct-19,Ilvermorny
200 FREE,1,03:16.6,Su Li,3,3,Ilvermorny,27-Oct-19,Ilvermorny
200 FREE,3,02:34.5,Morag McDougal,1,6,Ilvermorny,27-Oct-19,Ilvermorny
200 FREE,5,03:18.5,Padma Patil,4,2,Ilvermorny,27-Oct-19,Ilvermorny
200 IM,3,02:54.4,Lisa Turpin,2,4,Ilvermorny,27-Oct-19,Ilvermorny
50 FREE,1,00:37.3,Luna Lovegood,2,4,Ilvermorny,27-Oct-19,Ilvermorny
50 FREE,3,00:32.0,Orla Quirke,3,1,Ilvermorny,27-Oct-19,Ilvermorny
50 FREE,5,00:41.7,Stewart Ackerley,4,2,Ilvermorny,27-Oct-19,Ilvermorny
100 FREE,1,01:20.5,Susan Bones,2,4,Ilvermorny,27-Oct-19,Ilvermorny
100 FREE,3,01:33.1,Eleanor Branstone,3,1,Ilvermorny,27-Oct-19,Ilvermorny
100 FREE,5,01:24.4,Owen Cauldwell,4,2,Ilvermorny,27-Oct-19,Ilvermorny
500 FREE,1,08:18.0,Justin Finch-Fletchley,3,3,Ilvermorny,27-Oct-19,Ilvermorny
500 FREE,3,08:06.7,Wayne Hopkins,2,4,Ilvermorny,27-Oct-19,Ilvermorny
500 FREE,5,09:25.9,Megan Jones,4,2,Ilvermorny,27-Oct-19,Ilvermorny
200 FREE RELAY,1,03:15.8,Laura Madley,4,0,Ilvermorny,27-Oct-19,Ilvermorny
200 FREE RELAY,1,03:15.8,Kevin Whitby,4,0,Ilvermorny,27-Oct-19,Ilvermorny
200 FREE RELAY,1,03:15.8,Rose Zeller,4,0,Ilvermorny,27-Oct-19,Ilvermorny
200 FREE RELAY,1,03:15.8,Terence Higgs,4,0,Ilvermorny,27-Oct-19,Ilvermorny
200 FREE RELAY,3,02:13.3,Adrian Pucey,1,8,Ilvermorny,27-Oct-19,Ilvermorny
200 FREE RELAY,3,02:13.3,Tracey Davis,1,8,Ilvermorny,27-Oct-19,Ilvermorny
200 FREE RELAY,3,02:13.3,Lilian Moon,1,8,Ilvermorny,27-Oct-19,Ilvermorny
200 FREE RELAY,3,02:13.3,Daphne Greengrass,1,8,Ilvermorny,27-Oct-19,Ilvermorny
200 FREE RELAY,5,02:56.7,Theodore Nott,3,2,Ilvermorny,27-Oct-19,Ilvermorny
200 FREE RELAY,5,02:56.7,Astoria Greengrass,3,2,Ilvermorny,27-Oct-19,Ilvermorny
200 FREE RELAY,5,02:56.7,Malcolm Baddock,3,2,Ilvermorny,27-Oct-19,Ilvermorny
200 FREE RELAY,5,02:56.7,Graham Pritchard,3,2,Ilvermorny,27-Oct-19,Ilvermorny
100 BACK,3,01:16.2,Lucius Malfoy,1,6,Ilvermorny,27-Oct-19,Ilvermorny
100  BREAST,1,01:53.0,Tom Riddle,3,3,Ilvermorny,27-Oct-19,Ilvermorny
100  BREAST,3,01:34.8,Percy Weasley,2,4,Ilvermorny,27-Oct-19,Ilvermorny
100  BREAST,5,02:05.3,Bill Weasley,6,0,Ilvermorny,27-Oct-19,Ilvermorny
400 FREE RELAY,3,05:29.7,Charlie Weasley,2,4,Ilvermorny,27-Oct-19,Ilvermorny
400 FREE RELAY,3,05:29.7,Fred Weasley,2,4,Ilvermorny,27-Oct-19,Ilvermorny
400 FREE RELAY,3,05:29.7,George Weasley,2,4,Ilvermorny,27-Oct-19,Ilvermorny
400 FREE RELAY,3,05:29.7,Aberforth Dumbledore,2,4,Ilvermorny,27-Oct-19,Ilvermorny
200 MEDLEY RELAY,2,03:10.0,Albus Dumbledore,4,0,Uagadou,27-Oct-19,Ilvermorny
200 MEDLEY RELAY,2,03:10.0,Rubeus Hagrid,4,0,Uagadou,27-Oct-19,Ilvermorny
200 MEDLEY RELAY,2,03:10.0,Oliver Wood,4,0,Uagadou,27-Oct-19,Ilvermorny
200 MEDLEY RELAY,2,03:10.0,Marcus Flint,4,0,Uagadou,27-Oct-19,Ilvermorny
200 MEDLEY RELAY,4,02:25.5,Cedric Diggory,2,4,Uagadou,27-Oct-19,Ilvermorny
200 MEDLEY RELAY,4,02:25.5,Angelina Johnson,2,4,Uagadou,27-Oct-19,Ilvermorny
200 MEDLEY RELAY,4,02:25.5,Molly Weasley,2,4,Uagadou,27-Oct-19,Ilvermorny
200 MEDLEY RELAY,4,02:25.5,Arthur Weasley,2,4,Uagadou,27-Oct-19,Ilvermorny
200 FREE,4,02:52.0,James Potter,2,4,Uagadou,27-Oct-19,Ilvermorny
200 IM,4,02:43.1,Lily Potter,1,6,Uagadou,27-Oct-19,Ilvermorny
50 FREE,2,00:41.7,Severus Snape,0,1,Uagadou,27-Oct-19,Ilvermorny
50 FREE,4,00:32.8,Olive Hornby,2,4,Uagadou,27-Oct-19,Ilvermorny
50 FREE,6,00:43.6,Moaning Myrtle,6,0,Uagadou,27-Oct-19,Ilvermorny
100 FLY,2,01:40.3,Bertha Jorkins,2,4,Uagadou,27-Oct-19,Ilvermorny
100 FLY,4,01:27.2,Sirius Black,1,6,Uagadou,27-Oct-19,Ilvermorny
100 FREE,2,01:21.1,Peter Pettigrew,2,3,Uagadou,27-Oct-19,Ilvermorny
100 FREE,4,01:03.4,Minerva McGonagall,1,6,Uagadou,27-Oct-19,Ilvermorny
100 FREE,6,01:33.1,Remus Lupin,6,0,Uagadou,27-Oct-19,Ilvermorny
500 FREE,4,07:12.1,Lee Jordan,1,6,Uagadou,27-Oct-19,Ilvermorny
200 FREE RELAY,4,02:30.4,Alicia Spinnet,2,4,Uagadou,27-Oct-19,Ilvermorny
200 FREE RELAY,4,02:30.4,Patricia Stimpson,2,4,Uagadou,27-Oct-19,Ilvermorny
200 FREE RELAY,4,02:30.4,Madeline Cyr,2,4,Uagadou,27-Oct-19,Ilvermorny
200 FREE RELAY,4,02:30.4,Kenneth Towler,2,4,Uagadou,27-Oct-19,Ilvermorny
100 BACK,2,DQ,Filius Flitwick,DQ,DQ,Uagadou,27-Oct-19,Ilvermorny
100 BACK,4,01:31.7,Nymphadora Tonks,2,4,Uagadou,27-Oct-19,Ilvermorny
100 BACK,6,01:55.5,Horace Slughorn,3,3,Uagadou,27-Oct-19,Ilvermorny
100  BREAST,2,01:55.5,Phineas Nigellus Black,4,2,Uagadou,27-Oct-19,Ilvermorny
100  BREAST,4,01:20.5,Regulus Black,1,6,Uagadou,27-Oct-19,Ilvermorny
100  BREAST,6,02:03.8,Bellatrix Lestrange,5,1,Uagadou,27-Oct-19,Ilvermorny
400 FREE RELAY,4,04:46.8,Narcissa Malfoy,1,8,Uagadou,27-Oct-19,Ilvermorny
400 FREE RELAY,4,04:46.8,Evan Rosier,1,8,Uagadou,27-Oct-19,Ilvermorny
400 FREE RELAY,4,04:46.8,Rodolphus Lestrange,1,8,Uagadou,27-Oct-19,Ilvermorny
400 FREE RELAY,4,04:46.8,Rabastan Lestrange,1,8,Uagadou,27-Oct-19,Ilvermorny
200 MEDLEY RELAY,3,02:58.2,Miles Bletchley,4,0,Mahoutokoro,20-Oct-19,Uagadou
200 MEDLEY RELAY,3,02:58.2,Harry Potter,4,0,Mahoutokoro,20-Oct-19,Uagadou
200 MEDLEY RELAY,3,02:58.2,Ron Weasley,4,0,Mahoutokoro,20-Oct-19,Uagadou
200 MEDLEY RELAY,3,02:58.2,Hermione Granger,4,0,Mahoutokoro,20-Oct-19,Uagadou
200 MEDLEY RELAY,5,02:57.9,Colin Creevey,3,2,Mahoutokoro,20-Oct-19,Uagadou
200 MEDLEY RELAY,5,02:57.9,Seamus Finnigan,3,2,Mahoutokoro,20-Oct-19,Uagadou
200 MEDLEY RELAY,5,02:57.9,Hannah Abbott,3,2,Mahoutokoro,20-Oct-19,Uagadou
200 MEDLEY RELAY,5,02:57.9,Pansy Parkinson,3,2,Mahoutokoro,20-Oct-19,Uagadou
200 FREE,1,04:06.8,Zacharias Smith,6,0,Mahoutokoro,20-Oct-19,Uagadou
200 FREE,3,03:43.6,Blaise Zabini,3,3,Mahoutokoro,20-Oct-19,Uagadou
200 FREE,5,04:06.1,Draco Malfoy,5,1,Mahoutokoro,20-Oct-19,Uagadou
200 IM,1,04:43.2,Dean Thomas,4,2,Mahoutokoro,20-Oct-19,Uagadou
200 IM,3,03:47.7,Millicent Bulstrode,2,4,Mahoutokoro,20-Oct-19,Uagadou
200 IM,5,03:59.8,Terry Boot,3,3,Mahoutokoro,20-Oct-19,Uagadou
50 FREE,1,00:42.5,Ernie Macmillan,6,0,Mahoutokoro,20-Oct-19,Uagadou
50 FREE,3,00:36.0,Vincent Crabbe,4,2,Mahoutokoro,20-Oct-19,Uagadou
50 FREE,5,00:35.1,Gregory Goyle,2,4,Mahoutokoro,20-Oct-19,Uagadou
100 FLY,3,01:43.5,Lavender Brown,2,4,Mahoutokoro,20-Oct-19,Uagadou
100 FREE,1,02:15.2,Katie Bell,6,0,Mahoutokoro,20-Oct-19,Uagadou
100 FREE,3,01:25.3,Parvati Patil,4,2,Mahoutokoro,20-Oct-19,Uagadou
100 FREE,5,01:52.3,Dennis Creevey,5,1,Mahoutokoro,20-Oct-19,Uagadou
500 FREE,3,09:36.6,Eloise Midgen,2,4,Mahoutokoro,20-Oct-19,Uagadou
200 FREE RELAY,3,02:40.8,Ritchie Coote,3,2,Mahoutokoro,20-Oct-19,Uagadou
200 FREE RELAY,3,02:40.8,Jack Sloper,3,2,Mahoutokoro,20-Oct-19,Uagadou
200 FREE RELAY,3,02:40.8,Victoria Frobisher,3,2,Mahoutokoro,20-Oct-19,Uagadou
200 FREE RELAY,3,02:40.8,Geoffrey Hooper,3,2,Mahoutokoro,20-Oct-19,Uagadou
200 FREE RELAY,5,03:27.1,Andrew Kirke,4,0,Mahoutokoro,20-Oct-19,Uagadou
200 FREE RELAY,5,03:27.1,Demelza Robins,4,0,Mahoutokoro,20-Oct-19,Uagadou
200 FREE RELAY,5,03:27.1,Cormac McLaggen,4,0,Mahoutokoro,20-Oct-19,Uagadou
200 FREE RELAY,5,03:27.1,Neville Longbottom,4,0,Mahoutokoro,20-Oct-19,Uagadou
100 BACK,3,01:45.5,Ginny Weasley,1,6,Mahoutokoro,20-Oct-19,Uagadou
100 BACK,5,01:45.9,Romilda Vane,2,4,Mahoutokoro,20-Oct-19,Uagadou
100  BREAST,3,01:49.8,Natalie McDonald,3,3,Mahoutokoro,20-Oct-19,Uagadou
100  BREAST,5,01:57.8,Jimmy Peakes,5,1,Mahoutokoro,20-Oct-19,Uagadou
400 FREE RELAY,3,06:32.3,Euan Abercrombie,3,2,Mahoutokoro,20-Oct-19,Uagadou
400 FREE RELAY,3,06:32.3,Mary MacDonald,3,2,Mahoutokoro,20-Oct-19,Uagadou
400 FREE RELAY,3,06:32.3,Penelope Clearwater,3,2,Mahoutokoro,20-Oct-19,Uagadou
400 FREE RELAY,3,06:32.3,Roger Davies,3,2,Mahoutokoro,20-Oct-19,Uagadou
400 FREE RELAY,5,06:55.0,Eddie Carmichael,4,0,Mahoutokoro,20-Oct-19,Uagadou
400 FREE RELAY,5,06:55.0,Cho Chang,4,0,Mahoutokoro,20-Oct-19,Uagadou
400 FREE RELAY,5,06:55.0,Marietta Edgecombe,4,0,Mahoutokoro,20-Oct-19,Uagadou
400 FREE RELAY,5,06:55.0,Mandy Brocklehurst,4,0,Mahoutokoro,20-Oct-19,Uagadou
200 MEDLEY RELAY,2,02:34.7,Michael Corner,2,4,Ilvermorny,20-Oct-19,Uagadou
200 MEDLEY RELAY,2,02:34.7,Stephen Cornfoot,2,4,Ilvermorny,20-Oct-19,Uagadou
200 MEDLEY RELAY,2,02:34.7,Kevin Entwhistle,2,4,Ilvermorny,20-Oct-19,Uagadou
200 MEDLEY RELAY,2,02:34.7,Anthony Goldstein,2,4,Ilvermorny,20-Oct-19,Uagadou
200 MEDLEY RELAY,4,02:21.2,Su Li,1,8,Ilvermorny,20-Oct-19,Uagadou
200 MEDLEY RELAY,4,02:21.2,Morag McDougal,1,8,Ilvermorny,20-Oct-19,Uagadou
200 MEDLEY RELAY,4,02:21.2,Padma Patil,1,8,Ilvermorny,20-Oct-19,Uagadou
200 MEDLEY RELAY,4,02:21.2,Lisa Turpin,1,8,Ilvermorny,20-Oct-19,Uagadou
200 FREE,2,03:27.0,Luna Lovegood,2,4,Ilvermorny,20-Oct-19,Uagadou
200 FREE,4,02:37.2,Orla Quirke,1,6,Ilvermorny,20-Oct-19,Uagadou
200 FREE,6,04:03.8,Stewart Ackerley,4,2,Ilvermorny,20-Oct-19,Uagadou
200 IM,4,02:55.9,Susan Bones,1,6,Ilvermorny,20-Oct-19,Uagadou
50 FREE,2,00:36.4,Eleanor Branstone,5,1,Ilvermorny,20-Oct-19,Uagadou
50 FREE,4,00:31.2,Owen Cauldwell,1,6,Ilvermorny,20-Oct-19,Uagadou
50 FREE,6,00:35.5,Justin Finch-Fletchley,3,3,Ilvermorny,20-Oct-19,Uagadou
100 FLY,4,01:16.6,Wayne Hopkins,1,6,Ilvermorny,20-Oct-19,Uagadou
100 FREE,2,01:12.7,Megan Jones,1,6,Ilvermorny,20-Oct-19,Uagadou
100 FREE,4,01:17.2,Laura Madley,2,4,Ilvermorny,20-Oct-19,Uagadou
100 FREE,6,01:24.3,Kevin Whitby,3,3,Ilvermorny,20-Oct-19,Uagadou
500 FREE,4,07:29.0,Rose Zeller,1,6,Ilvermorny,20-Oct-19,Uagadou
200 FREE RELAY,2,02:28.6,Terence Higgs,2,4,Ilvermorny,20-Oct-19,Uagadou
200 FREE RELAY,2,02:28.6,Adrian Pucey,2,4,Ilvermorny,20-Oct-19,Uagadou
200 FREE RELAY,2,02:28.6,Tracey Davis,2,4,Ilvermorny,20-Oct-19,Uagadou
200 FREE RELAY,2,02:28.6,Lilian Moon,2,4,Ilvermorny,20-Oct-19,Uagadou
200 FREE RELAY,4,02:11.8,Daphne Greengrass,1,8,Ilvermorny,20-Oct-19,Uagadou
200 FREE RELAY,4,02:11.8,Theodore Nott,1,8,Ilvermorny,20-Oct-19,Uagadou
200 FREE RELAY,4,02:11.8,Astoria Greengrass,1,8,Ilvermorny,20-Oct-19,Uagadou
200 FREE RELAY,4,02:11.8,Malcolm Baddock,1,8,Ilvermorny,20-Oct-19,Uagadou
200 FREE RELAY,6,03:39.7,Graham Pritchard,5,0,Ilvermorny,20-Oct-19,Uagadou
200 FREE RELAY,6,03:39.7,Lucius Malfoy,5,0,Ilvermorny,20-Oct-19,Uagadou
200 FREE RELAY,6,03:39.7,Tom Riddle,5,0,Ilvermorny,20-Oct-19,Uagadou
200 FREE RELAY,6,03:39.7,Percy Weasley,5,0,Ilvermorny,20-Oct-19,Uagadou
100 BACK,2,02:07.4,Bill Weasley,4,2,Ilvermorny,20-Oct-19,Uagadou
100 BACK,6,01:49.4,Charlie Weasley,3,3,Ilvermorny,20-Oct-19,Uagadou
100  BREAST,2,01:50.4,Fred Weasley,4,2,Ilvermorny,20-Oct-19,Uagadou
100  BREAST,4,01:39.0,George Weasley,1,6,Ilvermorny,20-Oct-19,Uagadou
100  BREAST,6,01:46.7,Aberforth Dumbledore,2,4,Ilvermorny,20-Oct-19,Uagadou
400 FREE RELAY,4,05:19.3,Albus Dumbledore,1,8,Ilvermorny,20-Oct-19,Uagadou
400 FREE RELAY,4,05:19.3,Rubeus Hagrid,1,8,Ilvermorny,20-Oct-19,Uagadou
400 FREE RELAY,4,05:19.3,Oliver Wood,1,8,Ilvermorny,20-Oct-19,Uagadou
400 FREE RELAY,4,05:19.3,Marcus Flint,1,8,Ilvermorny,20-Oct-19,Uagadou
400 FREE RELAY,6,06:14.1,Cedric Diggory,2,4,Ilvermorny,20-Oct-19,Uagadou
400 FREE RELAY,6,06:14.1,Angelina Johnson,2,4,Ilvermorny,20-Oct-19,Uagadou
400 FREE RELAY,6,06:14.1,Molly Weasley,2,4,Ilvermorny,20-Oct-19,Uagadou
400 FREE RELAY,6,06:14.1,Arthur Weasley,2,4,Ilvermorny,20-Oct-19,Uagadou
200 MEDLEY RELAY,3,02:43.9,James Potter,4,2,Mahoutokoro,19-Oct-19,Mahoutokoro
200 MEDLEY RELAY,3,02:43.9,Lily Potter,4,2,Mahoutokoro,19-Oct-19,Mahoutokoro
200 MEDLEY RELAY,3,02:43.9,Severus Snape,4,2,Mahoutokoro,19-Oct-19,Mahoutokoro
200 MEDLEY RELAY,3,02:43.9,Olive Hornby,4,2,Mahoutokoro,19-Oct-19,Mahoutokoro
200 MEDLEY RELAY,5,03:15.8,Moaning Myrtle,5,0,Mahoutokoro,19-Oct-19,Mahoutokoro
200 MEDLEY RELAY,5,03:15.8,Bertha Jorkins,5,0,Mahoutokoro,19-Oct-19,Mahoutokoro
200 MEDLEY RELAY,5,03:15.8,Sirius Black,5,0,Mahoutokoro,19-Oct-19,Mahoutokoro
200 MEDLEY RELAY,5,03:15.8,Peter Pettigrew,5,0,Mahoutokoro,19-Oct-19,Mahoutokoro
200 FREE,3,02:56.9,Minerva McGonagall,3,2,Mahoutokoro,19-Oct-19,Mahoutokoro
200 FREE,5,04:13.6,Remus Lupin,5,1,Mahoutokoro,19-Oct-19,Mahoutokoro
200 IM,1,04:48.3,Lee Jordan,5,1,Mahoutokoro,19-Oct-19,Mahoutokoro
200 IM,3,03:07.0,Alicia Spinnet,3,3,Mahoutokoro,19-Oct-19,Mahoutokoro
200 IM,5,04:22.3,Patricia Stimpson,4,2,Mahoutokoro,19-Oct-19,Mahoutokoro
50 FREE,3,00:40.3,Madeline Cyr,4,2,Mahoutokoro,19-Oct-19,Mahoutokoro
50 FREE,5,00:44.5,Kenneth Towler,5,1,Mahoutokoro,19-Oct-19,Mahoutokoro
100 FLY,3,01:42.9,Filius Flitwick,4,2,Mahoutokoro,19-Oct-19,Mahoutokoro
100 FLY,5,01:53.3,Nymphadora Tonks,5,1,Mahoutokoro,19-Oct-19,Mahoutokoro
100 FREE,1,01:53.7,Horace Slughorn,5,1,Mahoutokoro,19-Oct-19,Mahoutokoro
100 FREE,3,01:48.2,Phineas Nigellus Black,4,2,Mahoutokoro,19-Oct-19,Mahoutokoro
100 FREE,5,01:59.2,Regulus Black,6,0,Mahoutokoro,19-Oct-19,Mahoutokoro
500 FREE,3,07:13.7,Bellatrix Lestrange,3,3,Mahoutokoro,19-Oct-19,Mahoutokoro
200 FREE RELAY,1,03:03.6,Narcissa Malfoy,5,4,Mahoutokoro,19-Oct-19,Mahoutokoro
200 FREE RELAY,1,03:03.6,Evan Rosier,5,4,Mahoutokoro,19-Oct-19,Mahoutokoro
200 FREE RELAY,1,03:03.6,Rodolphus Lestrange,5,4,Mahoutokoro,19-Oct-19,Mahoutokoro
200 FREE RELAY,1,03:03.6,Rabastan Lestrange,5,4,Mahoutokoro,19-Oct-19,Mahoutokoro
200 FREE RELAY,3,02:34.4,Miles Bletchley,4,8,Mahoutokoro,19-Oct-19,Mahoutokoro
200 FREE RELAY,3,02:34.4,Harry Potter,4,8,Mahoutokoro,19-Oct-19,Mahoutokoro
200 FREE RELAY,3,02:34.4,Ron Weasley,4,8,Mahoutokoro,19-Oct-19,Mahoutokoro
200 FREE RELAY,3,02:34.4,Hermione Granger,4,8,Mahoutokoro,19-Oct-19,Mahoutokoro
100 BACK,3,01:40.4,Colin Creevey,4,2,Mahoutokoro,19-Oct-19,Mahoutokoro
100 BACK,5,02:03.2,Seamus Finnigan,5,1,Mahoutokoro,19-Oct-19,Mahoutokoro
100  BREAST,1,01:52.5,Hannah Abbott,4,2,Mahoutokoro,19-Oct-19,Mahoutokoro
100  BREAST,3,02:08.3,Pansy Parkinson,6,0,Mahoutokoro,19-Oct-19,Mahoutokoro
100  BREAST,5,01:58.6,Zacharias Smith,6,1,Mahoutokoro,19-Oct-19,Mahoutokoro
400 FREE RELAY,3,06:37.3,Blaise Zabini,4,0,Mahoutokoro,19-Oct-19,Mahoutokoro
400 FREE RELAY,3,06:37.3,Draco Malfoy,4,0,Mahoutokoro,19-Oct-19,Mahoutokoro
400 FREE RELAY,3,06:37.3,Dean Thomas,4,0,Mahoutokoro,19-Oct-19,Mahoutokoro
400 FREE RELAY,3,06:37.3,Millicent Bulstrode,4,0,Mahoutokoro,19-Oct-19,Mahoutokoro
400 FREE RELAY,5,07:22.7,Terry Boot,5,0,Mahoutokoro,19-Oct-19,Mahoutokoro
400 FREE RELAY,5,07:22.7,Ernie Macmillan,5,0,Mahoutokoro,19-Oct-19,Mahoutokoro
400 FREE RELAY,5,07:22.7,Vincent Crabbe,5,0,Mahoutokoro,19-Oct-19,Mahoutokoro
400 FREE RELAY,5,07:22.7,Gregory Goyle,5,0,Mahoutokoro,19-Oct-19,Mahoutokoro
200 MEDLEY RELAY,2,02:35.7,Lavender Brown,3,2,Uagadou,19-Oct-19,Mahoutokoro
200 MEDLEY RELAY,2,02:35.7,Katie Bell,3,2,Uagadou,19-Oct-19,Mahoutokoro
200 MEDLEY RELAY,2,02:35.7,Parvati Patil,3,2,Uagadou,19-Oct-19,Mahoutokoro
200 MEDLEY RELAY,2,02:35.7,Dennis Creevey,3,2,Uagadou,19-Oct-19,Mahoutokoro
200 MEDLEY RELAY,4,02:11.1,Eloise Midgen,1,8,Uagadou,19-Oct-19,Mahoutokoro
200 MEDLEY RELAY,4,02:11.1,Ritchie Coote,1,8,Uagadou,19-Oct-19,Mahoutokoro
200 MEDLEY RELAY,4,02:11.1,Jack Sloper,1,8,Uagadou,19-Oct-19,Mahoutokoro
200 MEDLEY RELAY,4,02:11.1,Victoria Frobisher,1,8,Uagadou,19-Oct-19,Mahoutokoro
200 MEDLEY RELAY,6,02:34.1,Geoffrey Hooper,2,4,Uagadou,19-Oct-19,Mahoutokoro
200 MEDLEY RELAY,6,02:34.1,Andrew Kirke,2,4,Uagadou,19-Oct-19,Mahoutokoro
200 MEDLEY RELAY,6,02:34.1,Demelza Robins,2,4,Uagadou,19-Oct-19,Mahoutokoro
200 MEDLEY RELAY,6,02:34.1,Cormac McLaggen,2,4,Uagadou,19-Oct-19,Mahoutokoro
200 FREE,2,02:45.0,Neville Longbottom,2,4,Uagadou,19-Oct-19,Mahoutokoro
200 FREE,4,02:19.0,Ginny Weasley,1,6,Uagadou,19-Oct-19,Mahoutokoro
200 FREE,6,02:50.1,Romilda Vane,3,3,Uagadou,19-Oct-19,Mahoutokoro
200 IM,2,DQ,Natalie McDonald,DQ,DQ,Uagadou,19-Oct-19,Mahoutokoro
200 IM,4,02:54.4,Jimmy Peakes,1,6,Uagadou,19-Oct-19,Mahoutokoro
200 IM,6,02:55.5,Euan Abercrombie,2,4,Uagadou,19-Oct-19,Mahoutokoro
50 FREE,2,00:29.8,Mary MacDonald,1,6,Uagadou,19-Oct-19,Mahoutokoro
50 FREE,4,00:32.6,Penelope Clearwater,2,4,Uagadou,19-Oct-19,Mahoutokoro
50 FREE,6,00:40.3,Roger Davies,3,3,Uagadou,19-Oct-19,Mahoutokoro
100 FLY,2,01:25.9,Eddie Carmichael,3,3,Uagadou,19-Oct-19,Mahoutokoro
100 FLY,4,01:09.4,Cho Chang,1,6,Uagadou,19-Oct-19,Mahoutokoro
100 FLY,6,01:25.6,Marietta Edgecombe,2,4,Uagadou,19-Oct-19,Mahoutokoro
100 FREE,2,01:11.7,Mandy Brocklehurst,3,3,Uagadou,19-Oct-19,Mahoutokoro
100 FREE,4,01:01.5,Michael Corner,1,6,Uagadou,19-Oct-19,Mahoutokoro
100 FREE,6,01:08.3,Stephen Cornfoot,2,4,Uagadou,19-Oct-19,Mahoutokoro
500 FREE,2,07:13.2,Kevin Entwhistle,2,4,Uagadou,19-Oct-19,Mahoutokoro
500 FREE,4,05:54.3,Anthony Goldstein,1,6,Uagadou,19-Oct-19,Mahoutokoro
500 FREE,6,07:15.3,Su Li,4,2,Uagadou,19-Oct-19,Mahoutokoro
200 FREE RELAY,2,02:29.6,Morag McDougal,2,4,Uagadou,19-Oct-19,Mahoutokoro
200 FREE RELAY,2,02:29.6,Padma Patil,2,4,Uagadou,19-Oct-19,Mahoutokoro
200 FREE RELAY,2,02:29.6,Lisa Turpin,2,4,Uagadou,19-Oct-19,Mahoutokoro
200 FREE RELAY,2,02:29.6,Luna Lovegood,2,4,Uagadou,19-Oct-19,Mahoutokoro
200 FREE RELAY,4,02:14.9,Orla Quirke,1,8,Uagadou,19-Oct-19,Mahoutokoro
200 FREE RELAY,4,02:14.9,Stewart Ackerley,1,8,Uagadou,19-Oct-19,Mahoutokoro
200 FREE RELAY,4,02:14.9,Susan Bones,1,8,Uagadou,19-Oct-19,Mahoutokoro
200 FREE RELAY,4,02:14.9,Eleanor Branstone,1,8,Uagadou,19-Oct-19,Mahoutokoro
200 FREE RELAY,6,02:33.3,Owen Cauldwell,3,2,Uagadou,19-Oct-19,Mahoutokoro
200 FREE RELAY,6,02:33.3,Justin Finch-Fletchley,3,2,Uagadou,19-Oct-19,Mahoutokoro
200 FREE RELAY,6,02:33.3,Wayne Hopkins,3,2,Uagadou,19-Oct-19,Mahoutokoro
200 FREE RELAY,6,02:33.3,Megan Jones,3,2,Uagadou,19-Oct-19,Mahoutokoro
100 BACK,2,01:20.4,Laura Madley,2,4,Uagadou,19-Oct-19,Mahoutokoro
100 BACK,4,01:09.3,Kevin Whitby,1,6,Uagadou,19-Oct-19,Mahoutokoro
100 BACK,6,01:22.4,Rose Zeller,3,3,Uagadou,19-Oct-19,Mahoutokoro
100  BREAST,2,01:36.2,Terence Higgs,2,4,Uagadou,19-Oct-19,Mahoutokoro
100  BREAST,4,01:28.1,Adrian Pucey,1,8,Uagadou,19-Oct-19,Mahoutokoro
100  BREAST,6,01:39.1,Tracey Davis,3,3,Uagadou,19-Oct-19,Mahoutokoro
400 FREE RELAY,2,05:15.7,Lilian Moon,3,2,Uagadou,19-Oct-19,Mahoutokoro
400 FREE RELAY,2,05:15.7,Daphne Greengrass,3,2,Uagadou,19-Oct-19,Mahoutokoro
400 FREE RELAY,2,05:15.7,Theodore Nott,3,2,Uagadou,19-Oct-19,Mahoutokoro
400 FREE RELAY,2,05:15.7,Astoria Greengrass,3,2,Uagadou,19-Oct-19,Mahoutokoro
400 FREE RELAY,4,04:50.0,Malcolm Baddock,1,8,Uagadou,19-Oct-19,Mahoutokoro
400 FREE RELAY,4,04:50.0,Graham Pritchard,1,8,Uagadou,19-Oct-19,Mahoutokoro
400 FREE RELAY,4,04:50.0,Lucius Malfoy,1,8,Uagadou,19-Oct-19,Mahoutokoro
400 FREE RELAY,4,04:50.0,Tom Riddle,1,8,Uagadou,19-Oct-19,Mahoutokoro
400 FREE RELAY,6,05:14.3,Percy Weasley,2,4,Uagadou,19-Oct-19,Mahoutokoro
400 FREE RELAY,6,05:14.3,Bill Weasley,2,4,Uagadou,19-Oct-19,Mahoutokoro
400 FREE RELAY,6,05:14.3,Charlie Weasley,2,4,Uagadou,19-Oct-19,Mahoutokoro
400 FREE RELAY,6,05:14.3,Fred Weasley,2,4,Uagadou,19-Oct-19,Mahoutokoro
200 MEDLEY RELAY,1,02:24.0,George Weasley,4,0,Durmstrang,19-Oct-19,Castelobruxo
200 MEDLEY RELAY,1,02:24.0,Aberforth Dumbledore,4,0,Durmstrang,19-Oct-19,Castelobruxo
200 MEDLEY RELAY,1,02:24.0,Albus Dumbledore,4,0,Durmstrang,19-Oct-19,Castelobruxo
200 MEDLEY RELAY,1,02:24.0,Rubeus Hagrid,4,0,Durmstrang,19-Oct-19,Castelobruxo
200 MEDLEY RELAY,3,02:04.2,Oliver Wood,1,8,Durmstrang,19-Oct-19,Castelobruxo
200 MEDLEY RELAY,3,02:04.2,Marcus Flint,1,8,Durmstrang,19-Oct-19,Castelobruxo
200 MEDLEY RELAY,3,02:04.2,Cedric Diggory,1,8,Durmstrang,19-Oct-19,Castelobruxo
200 MEDLEY RELAY,3,02:04.2,Angelina Johnson,1,8,Durmstrang,19-Oct-19,Castelobruxo
200 MEDLEY RELAY,5,02:31.9,Molly Weasley,3,2,Durmstrang,19-Oct-19,Castelobruxo
200 MEDLEY RELAY,5,02:31.9,Arthur Weasley,3,2,Durmstrang,19-Oct-19,Castelobruxo
200 MEDLEY RELAY,5,02:31.9,James Potter,3,2,Durmstrang,19-Oct-19,Castelobruxo
200 MEDLEY RELAY,5,02:31.9,Lily Potter,3,2,Durmstrang,19-Oct-19,Castelobruxo
200 FREE,1,02:31.7,Severus Snape,3,3,Durmstrang,19-Oct-19,Castelobruxo
200 FREE,3,02:04.7,Olive Hornby,1,6,Durmstrang,19-Oct-19,Castelobruxo
200 FREE,5,03:02.6,Moaning Myrtle,4,2,Durmstrang,19-Oct-19,Castelobruxo
200 IM,1,03:00.4,Bertha Jorkins,3,3,Durmstrang,19-Oct-19,Castelobruxo
200 IM,3,02:30.8,Sirius Black,1,6,Durmstrang,19-Oct-19,Castelobruxo
200 IM,5,03:28.3,Peter Pettigrew,4,2,Durmstrang,19-Oct-19,Castelobruxo
50 FREE,1,00:32.6,Minerva McGonagall,4,2,Durmstrang,19-Oct-19,Castelobruxo
50 FREE,3,00:28.6,Remus Lupin,1,6,Durmstrang,19-Oct-19,Castelobruxo
50 FREE,5,00:29.1,Lee Jordan,2,4,Durmstrang,19-Oct-19,Castelobruxo
100 FLY,1,01:25.2,Alicia Spinnet,2,4,Durmstrang,19-Oct-19,Castelobruxo
100 FLY,3,01:04.2,Patricia Stimpson,1,6,Durmstrang,19-Oct-19,Castelobruxo
100 FLY,5,01:29.4,Madeline Cyr,3,3,Durmstrang,19-Oct-19,Castelobruxo
100 FREE,1,01:15.3,Kenneth Towler,3,3,Durmstrang,19-Oct-19,Castelobruxo
100 FREE,3,01:00.4,Filius Flitwick,1,6,Durmstrang,19-Oct-19,Castelobruxo
100 FREE,5,01:12.4,Nymphadora Tonks,2,4,Durmstrang,19-Oct-19,Castelobruxo
500 FREE,1,07:39.3,Horace Slughorn,2,4,Durmstrang,19-Oct-19,Castelobruxo
500 FREE,3,05:58.4,Phineas Nigellus Black,1,6,Durmstrang,19-Oct-19,Castelobruxo
200 FREE RELAY,1,02:26.5,Regulus Black,2,4,Durmstrang,19-Oct-19,Castelobruxo
200 FREE RELAY,1,02:26.5,Bellatrix Lestrange,2,4,Durmstrang,19-Oct-19,Castelobruxo
200 FREE RELAY,1,02:26.5,Narcissa Malfoy,2,4,Durmstrang,19-Oct-19,Castelobruxo
200 FREE RELAY,1,02:26.5,Evan Rosier,2,4,Durmstrang,19-Oct-19,Castelobruxo
200 FREE RELAY,3,01:57.0,Rodolphus Lestrange,1,8,Durmstrang,19-Oct-19,Castelobruxo
200 FREE RELAY,3,01:57.0,Rabastan Lestrange,1,8,Durmstrang,19-Oct-19,Castelobruxo
200 FREE RELAY,3,01:57.0,Miles Bletchley,1,8,Durmstrang,19-Oct-19,Castelobruxo
200 FREE RELAY,3,01:57.0,Harry Potter,1,8,Durmstrang,19-Oct-19,Castelobruxo
200 FREE RELAY,5,DQ,Ron Weasley,DQ,DQ,Durmstrang,19-Oct-19,Castelobruxo
200 FREE RELAY,5,DQ,Hermione Granger,DQ,DQ,Durmstrang,19-Oct-19,Castelobruxo
200 FREE RELAY,5,DQ,Colin Creevey,DQ,DQ,Durmstrang,19-Oct-19,Castelobruxo
200 FREE RELAY,5,DQ,Seamus Finnigan,DQ,DQ,Durmstrang,19-Oct-19,Castelobruxo
100 BACK,1,01:26.4,Hannah Abbott,3,2,Durmstrang,19-Oct-19,Castelobruxo
100 BACK,3,01:08.4,Pansy Parkinson,1,6,Durmstrang,19-Oct-19,Castelobruxo
100 BACK,5,01:21.2,Zacharias Smith,2,4,Durmstrang,19-Oct-19,Castelobruxo
100  BREAST,1,01:26.9,Blaise Zabini,3,3,Durmstrang,19-Oct-19,Castelobruxo
100  BREAST,3,01:15.3,Draco Malfoy,2,4,Durmstrang,19-Oct-19,Castelobruxo
400 FREE RELAY,1,05:35.6,Dean Thomas,3,2,Durmstrang,19-Oct-19,Castelobruxo
400 FREE RELAY,1,05:35.6,Millicent Bulstrode,3,2,Durmstrang,19-Oct-19,Castelobruxo
400 FREE RELAY,1,05:35.6,Terry Boot,3,2,Durmstrang,19-Oct-19,Castelobruxo
400 FREE RELAY,1,05:35.6,Ernie Macmillan,3,2,Durmstrang,19-Oct-19,Castelobruxo
400 FREE RELAY,5,04:37.0,Vincent Crabbe,2,4,Durmstrang,19-Oct-19,Castelobruxo
400 FREE RELAY,5,04:37.0,Gregory Goyle,2,4,Durmstrang,19-Oct-19,Castelobruxo
400 FREE RELAY,5,04:37.0,Lavender Brown,2,4,Durmstrang,19-Oct-19,Castelobruxo
400 FREE RELAY,5,04:37.0,Katie Bell,2,4,Durmstrang,19-Oct-19,Castelobruxo
200 MEDLEY RELAY,2,03:02.5,Parvati Patil,5,0,Uagadou,19-Oct-19,Castelobruxo
200 MEDLEY RELAY,2,03:02.5,Dennis Creevey,5,0,Uagadou,19-Oct-19,Castelobruxo
200 MEDLEY RELAY,2,03:02.5,Eloise Midgen,5,0,Uagadou,19-Oct-19,Castelobruxo
200 MEDLEY RELAY,2,03:02.5,Ritchie Coote,5,0,Uagadou,19-Oct-19,Castelobruxo
200 MEDLEY RELAY,4,02:21.2,Jack Sloper,2,4,Uagadou,19-Oct-19,Castelobruxo
200 MEDLEY RELAY,4,02:21.2,Victoria Frobisher,2,4,Uagadou,19-Oct-19,Castelobruxo
200 MEDLEY RELAY,4,02:21.2,Geoffrey Hooper,2,4,Uagadou,19-Oct-19,Castelobruxo
200 MEDLEY RELAY,4,02:21.2,Andrew Kirke,2,4,Uagadou,19-Oct-19,Castelobruxo
200 FREE,2,03:03.5,Demelza Robins,5,1,Uagadou,19-Oct-19,Castelobruxo
200 FREE,4,02:06.9,Cormac McLaggen,2,4,Uagadou,19-Oct-19,Castelobruxo
200 IM,4,02:43.9,Neville Longbottom,2,4,Uagadou,19-Oct-19,Castelobruxo
50 FREE,2,00:41.3,Ginny Weasley,6,0,Uagadou,19-Oct-19,Castelobruxo
50 FREE,4,00:30.4,Romilda Vane,3,3,Uagadou,19-Oct-19,Castelobruxo
50 FREE,6,00:33.5,Natalie McDonald,5,1,Uagadou,19-Oct-19,Castelobruxo
100 FLY,4,01:30.4,Jimmy Peakes,4,2,Uagadou,19-Oct-19,Castelobruxo
100 FREE,2,01:24.9,Euan Abercrombie,5,1,Uagadou,19-Oct-19,Castelobruxo
100 FREE,4,01:17.9,Mary MacDonald,4,2,Uagadou,19-Oct-19,Castelobruxo
100 FREE,6,01:43.1,Penelope Clearwater,6,0,Uagadou,19-Oct-19,Castelobruxo
500 FREE,2,08:10.3,Roger Davies,4,0,Uagadou,19-Oct-19,Castelobruxo
500 FREE,4,07:55.5,Eddie Carmichael,3,2,Uagadou,19-Oct-19,Castelobruxo
200 FREE RELAY,4,02:47.3,Cho Chang,3,2,Uagadou,19-Oct-19,Castelobruxo
200 FREE RELAY,4,02:47.3,Marietta Edgecombe,3,2,Uagadou,19-Oct-19,Castelobruxo
200 FREE RELAY,4,02:47.3,Mandy Brocklehurst,3,2,Uagadou,19-Oct-19,Castelobruxo
200 FREE RELAY,4,02:47.3,Michael Corner,3,2,Uagadou,19-Oct-19,Castelobruxo
100 BACK,2,02:10.3,Stephen Cornfoot,6,0,Uagadou,19-Oct-19,Castelobruxo
100 BACK,4,01:57.3,Kevin Entwhistle,5,1,Uagadou,19-Oct-19,Castelobruxo
100 BACK,6,01:54.9,Anthony Goldstein,4,2,Uagadou,19-Oct-19,Castelobruxo
100  BREAST,2,01:26.9,Su Li,5,1,Uagadou,19-Oct-19,Castelobruxo
100  BREAST,4,01:13.8,Morag McDougal,1,6,Uagadou,19-Oct-19,Castelobruxo
100  BREAST,6,01:15.3,Padma Patil,2,4,Uagadou,19-Oct-19,Castelobruxo
400 FREE RELAY,2,06:56.6,Lisa Turpin,4,0,Uagadou,19-Oct-19,Castelobruxo
400 FREE RELAY,2,06:56.6,Luna Lovegood,4,0,Uagadou,19-Oct-19,Castelobruxo
400 FREE RELAY,2,06:56.6,Orla Quirke,4,0,Uagadou,19-Oct-19,Castelobruxo
400 FREE RELAY,2,06:56.6,Stewart Ackerley,4,0,Uagadou,19-Oct-19,Castelobruxo
400 FREE RELAY,4,05:33.5,Susan Bones,1,8,Uagadou,19-Oct-19,Castelobruxo
400 FREE RELAY,4,05:33.5,Eleanor Branstone,1,8,Uagadou,19-Oct-19,Castelobruxo
400 FREE RELAY,4,05:33.5,Owen Cauldwell,1,8,Uagadou,19-Oct-19,Castelobruxo
400 FREE RELAY,4,05:33.5,Justin Finch-Fletchley,1,8,Uagadou,19-Oct-19,Castelobruxo
